AlbumId,AlbumName,AlbumReleaseDate,GenreId,ArtistId,AlbumPopularity,TotalTracks
3gddM4c24OsUsD35q9qdFT,Push,1992-01-01,50f5BoytJN3FrlUtDgltO5,40akJv6gxzx8uyRg3vBRuX,38,4
0z7Dc7FRsDH7E4kj32mKyM,Bricks Are Heavy,1992-01-01,7fxpqs4G8vj3rFYbJnsG7w,7yCGrS6Xh3UngvY6Ad5sMJ,57,10
0z7Dc7FRsDH7E4kj32mKyM,Bricks Are Heavy,1992-01-01,33TQqUKv3eajMYsetR3ELs,7yCGrS6Xh3UngvY6Ad5sMJ,57,7
5AjDtAXzFEQPbfZSAnIM5R,Driving Towards The Daylight,2012-05-22,1euT3PDzvROfebwCTZieWq,2SNzxY1OsSCHBLVi77mpPQ,46,8
4FCoFSNIFhK36holxHWCnc,Jar Of Flies,1994-01-01,2Gw3Xa08XleghwGUmNcPLK,64tNsm6TnZe2zpcMVMOoHL,72,7
58NXIEYqmq5dQHg9nV9duM,Dirt (2022 Remaster),1992-09-29,5EnYdTx0BWhWM5YDcPkGAa,64tNsm6TnZe2zpcMVMOoHL,77,5
4FCoFSNIFhK36holxHWCnc,Jar Of Flies,1994-01-01,4PtZE0h5oyPhCtPjg3NeYQ,64tNsm6TnZe2zpcMVMOoHL,72,4
3CNnWJLxLMowI9DYqgLLeq,Piece Of Cake,1992-01-01,3Fg4SlOiqKDodVJbAM2Gut,7LuYiSXiWs86rwWJjEEgB9,41,6
2k3nz0I7mJzegtkooii4za,Eternelle,1987-10-31,3dkIE8P7hvl3tHl9KSb6dA,1WPcVNert9hn7mHsPKDn7j,67,1
75bLu4Ung5QbMdJYxx7wTI,The Soft Parade,1969-07-21,0YMzPd9mYx4txOuCnhYUGU,22WZ7M8sxp5THdruNY3gXt,62,9
1YZiR5FINFOlZPGKSVplIY,The Very Best of the Doors,2007-09-25,4WAyUf6OhPTSnbVUPYzMY9,22WZ7M8sxp5THdruNY3gXt,61,26
5fxYu3rqjCNTSPKN8mtEl2,"Never Mind The Bollocks, Here’s The Sex Pistols",1977-10-27,2mKj8Em0GLFu8I78yM1CfU,1u7kkVrr14iBvrpYnZILJR,63,10
5fxYu3rqjCNTSPKN8mtEl2,"Never Mind The Bollocks, Here’s The Sex Pistols",1977-10-27,6ui6l3ZNvlrGQZArwo8195,1u7kkVrr14iBvrpYnZILJR,63,5
5fxYu3rqjCNTSPKN8mtEl2,"Never Mind The Bollocks, Here’s The Sex Pistols",1977-10-27,3LoDeIbiR12sAznmpNEmKA,1u7kkVrr14iBvrpYnZILJR,63,8
0IomjU2bXFng4LQBYn7Het,Bella Donna (2016 Remastered),1981-07-27,67oVj9wKv1T0effsUcny7A,7crPfGd2k81ekOoSqQKWWz,69,1
0LfM3PGkXE6KvJEE1HkOnz,Greatest Hits,1988-11-21,19Ym5Sg0YyOCa6ao21bdoG,08GQAI4eElDnROBrJRGE0X,77,6
6rZ5ZREEbF43M67P2yV6Sx,Life For The Taking,1978-01-01,6MoQVatTYSlCJ5IHQRWXk7,4Tw2N3wdvJPGEU7JqMxFfE,45,5
2QV9SouhSHFNpls0Dvyoo5,Rock 'n' Roll Juvenile,1979-01-01,3Ug96zKa29P3vICEEcYajZ,2nvKpWcP8etYTq4JrRiUiy,48,12
0IomjU2bXFng4LQBYn7Het,Bella Donna (2016 Remastered),1981-07-27,7L3b6iaVhDVjfo52Hbvh9Z,7crPfGd2k81ekOoSqQKWWz,69,6
3coLNlyStg9h7f8CZ103Rl,Ladies And Gentlemen... The Best Of George Michael,1998-11-09,1SKApv6ZfJ9bkUxeRObJEF,19ra5tSw0tWufvUp8GotLo,79,5
6v5IVMmY1IvWtbfnQoiFSf,Strange Days,1967-09-25,0ja1dJM5gBTjk5U9wsMP9r,22WZ7M8sxp5THdruNY3gXt,73,6
75bLu4Ung5QbMdJYxx7wTI,The Soft Parade,1969-07-21,5QTKB8UOaBO9zvWr6ap05R,22WZ7M8sxp5THdruNY3gXt,23,6
7IKUTIc9UWuVngyGPtqNHS,L.A. Woman,1971-04-19,3uqxwLp7Hs9sJhm4uVF8li,22WZ7M8sxp5THdruNY3gXt,72,1
0qZTwrunzX3LG45PvRghmh,Waiting for the Sun,1968-07-03,78JYtz4yOPqAEgZZc3SBLT,22WZ7M8sxp5THdruNY3gXt,65,6
75bLu4Ung5QbMdJYxx7wTI,The Soft Parade,1969-07-21,0wepIheFRGnHEDmZwfINp6,22WZ7M8sxp5THdruNY3gXt,23,4
1jWmEhn3ggaL6isoyLfwBn,The Doors,1967-01-04,6ToM0uwxtPKo9CMpbPGYvM,22WZ7M8sxp5THdruNY3gXt,75,1
0qZTwrunzX3LG45PvRghmh,Waiting for the Sun,1968-07-03,4CIGLBUyPKZzHoYankmQzk,22WZ7M8sxp5THdruNY3gXt,65,9
0qZTwrunzX3LG45PvRghmh,Waiting for the Sun,1968-07-03,32bJv8V2Xgi5mtxdPcsi8B,22WZ7M8sxp5THdruNY3gXt,65,7
3zVyMAtWiXugudXuCRiUjL,The Doors (50th Anniversary Deluxe Edition),2017-03-31,693TK5ayPnvu3T3VJB4SZJ,22WZ7M8sxp5THdruNY3gXt,50,3
75bLu4Ung5QbMdJYxx7wTI,The Soft Parade,1969-07-21,0g1NRq4KmbEYgzaPF7G6CG,22WZ7M8sxp5THdruNY3gXt,62,1
26Fac6kNgB6MLeoGVkmpKN,Full Circle,1972-07-17,5rMfihaxthEm9rMDSnNk1r,22WZ7M8sxp5THdruNY3gXt,40,6
6uhwVoXKDMzdXXjhTCH6Nk,Other Voices,1971-10-18,0lWHA93ERijP8zhqbyoJXg,22WZ7M8sxp5THdruNY3gXt,36,2
6v5IVMmY1IvWtbfnQoiFSf,Strange Days,1967-09-25,7MW3s6XnZua7CNQAfmdGe8,22WZ7M8sxp5THdruNY3gXt,73,4
0I4qWmnLr665zzPdIhRIB5,The Complete Studio Albums,2012-10-22,0y2Vz9T2PImD6YUdMq9Ebl,22WZ7M8sxp5THdruNY3gXt,44,7
75bLu4Ung5QbMdJYxx7wTI,The Soft Parade,1969-07-21,5ypTWakSUT3kLLYtbUFGfO,22WZ7M8sxp5THdruNY3gXt,23,5
5Lz0R07a6My7xNAKOuzeNY,Anjo da guarda,1983-01-01,5hKktjNNyTK8DF81fKc7lD,5fgtcrHICBqlrkHtSWWu0F,45,4
5Lz0R07a6My7xNAKOuzeNY,Anjo da guarda,1983-01-01,4wuaLybXodnM3oL8ij1Mq1,5fgtcrHICBqlrkHtSWWu0F,45,10
24WAUPqhxqUbdbcRDHQ8Yr,The Essential Eddie Money,1977-01-01,22CIOfLZB9z8He7WgHYAgH,4Tw2N3wdvJPGEU7JqMxFfE,37,1
37LUBeVwoGFQOvBhRPNV13,The Best Of Dire Straits & Mark Knopfler - Private Investigations,2005-01-01,6kO5VVgGb9jEZM9cKXoOqc,0FI0kxP0BWurTz8cB8BBug,59,10
6lPb7Eoon6QPbscWbMsk6a,Surrealistic Pillow,1967-01-01,4uGIJG1jYFonGc4LGp5uQL,2qFr8w5sWUITRlzZ9kZotF,71,2
7gPql7GFpBMOxeO80vMMsC,Three Imaginary Boys,1979-05-11,4dneV7C1yDt9UtyxrQY375,7bu3H8JO7d0UbMoVzbo70s,75,16
72qrnM4yUNMDDlWiqKc8iY,Aftermath,1966-04-15,63T7DJ1AFDD6Bn8VzG6JE8,22bE4uQ6baNwSHPVcDxLCe,78,1
1KVGLuPtrMrLlyy4Je6df7,Bleach,1989-06-01,2SHTKB8YYlawTGIuJ2b2ok,6olE6TJLqED3rqDCT0FyPh,76,3
2guirTSEqLizK7j9i1MTTZ,Nevermind (Remastered),1991-09-26,651koV4RRMMX6NDbW1ElwP,6olE6TJLqED3rqDCT0FyPh,84,11
6ICrBzsbHVluGHP8wGK4Y3,Incesticide,1992-12-14,0Pie5DFAHHxpkONFUsAI6s,6olE6TJLqED3rqDCT0FyPh,69,15
6ICrBzsbHVluGHP8wGK4Y3,Incesticide,1992-12-14,4IryVI254hGj0J8ND5r8gZ,6olE6TJLqED3rqDCT0FyPh,69,3
1KVGLuPtrMrLlyy4Je6df7,Bleach,1989-06-01,5muVpPu8Fj9fXfDbbqDdrZ,6olE6TJLqED3rqDCT0FyPh,76,5
1To7kv722A8SpZF789MZy7,MTV Unplugged In New York,1994-11-01,4UJmPSJsBsIR1U0N79BU1g,6olE6TJLqED3rqDCT0FyPh,78,12
6ohX7moZZnF1FwYrli1OJ6,In Utero,1993-09-21,1Ic9pKxGSJGM0LKeqf6lGe,6olE6TJLqED3rqDCT0FyPh,77,12
1WJ3UbOi2QYGuRgXCc9FIV,Jeremy,1991-01-01,3bE5slaVEfaDreqARl6k4M,1w5Kfo2jwwIPruYS2UWh56,64,3
5PdgIAHzwDvTZRjIGSQGtN,Unplugged,1996-07-29,7etojJg0JsetC3fSVpU3tX,64tNsm6TnZe2zpcMVMOoHL,64,10
7ndqT6LH9o6YQ5uA7aT0St,Best of Volume 1,1996-09-24,3KhF2YiNpJvGpfiCW45R6D,2cnMpRsOVqtPMfq7YiFE6K,62,3
5rFRfDq52l2l5RtS5kxA9A,I Got Dem Ol' Kozmic Blues Again Mama!,1969-09-11,5Icqjqizh8TnwHdejZQQGQ,4NgfOZCL9Ml67xzM0xzIvC,61,1
3j7nicLAWXM0Fb08q9XGyf,Pearl (Legacy Edition),1971-01-11,3dOfHE5J4Qsj1hJ35vnfn4,4NgfOZCL9Ml67xzM0xzIvC,69,10
0E5IKYhiKgbYQkmfsFonbZ,America,1972-01-01,54eZmuggBFJbV7k248bTTt,3vAaWhdBR38Q02ohXqaNHT,76,5
50o7kf2wLwVmOTVYJOTplm,Rubber Soul (Remastered),1965-12-03,1H7gMYGykdtwZOV6s1N0by,3WrFJ7ztbogyGnTHbHJFl2,78,2
15XNBzVWARPMlu0sEbfBjJ,Tattoo You (2009 Re-Mastered),1981-08-24,7HKez549fwJQDzx3zLjHKC,22bE4uQ6baNwSHPVcDxLCe,75,1
76oMr4Y2pOtcrvZLc2ZikF,If You Can Believe Your Eyes & Ears,1966-03-01,4s6LhHAV5SEsOV0lC2tjvJ,1bs7HoMkSyQwcobCpE9KpN,76,7
1J3CtRxcG9Tkuw2xQ59NEk,Start Walkin' 1965-1976,2021-02-05,2HEgBBls7l0smWTxPx0MtZ,3IZrrNonYELubLPJmqOci2,65,2
7gvxyetkX6vkoMyDkDM6ls,True Genius,2021-09-10,5dUMh0ugelpKfoFp3qChuK,1eYhYunlNJlDoQhtYBvPsi,71,8
6rEzHeH14PJSv8anXA6tyE,Angry,2023-09-06,5op6kdhlMQ4L0KH30GCZ5T,22bE4uQ6baNwSHPVcDxLCe,59,1
4vu7F6h90Br1ZtYYaqfITy,The Razors Edge,1990-09-24,4ObCns6nM6tShx5a5tHiGC,711MCceyCBcFnzjGY4Q7Un,80,4
5B4PYA7wNN4WdEXdIJu58a,Ten,1991-08-27,1L94M3KIu7QluZe63g64rv,1w5Kfo2jwwIPruYS2UWh56,80,3
2W6MaUiInBkna5DfBES4E3,Badmotorfinger (25th Anniversary Remaster),1991-10-08,6hqIXyo6GxydAnoI8XeIrV,5xUf6j4upBrXZPg6AI4MRK,64,1
58HZZpS0wxJKwGjoerg0mk,Songs For The Deaf,2002-01-01,6NvRxjfYkkT2SpirAlmsjH,4pejUc4iciQfgdX6OKulQn,74,2
5bqtZRbUZUxUps8mrO9tGY,British Steel,1980-01-01,2RaA6kIcvomt77qlIgGhCT,2tRsMl4eGxwoNabM08Dm4I,70,3
2FC50FeHFVmksOYX1cymxr,High 'N' Dry,1981-07-11,7iEVmnzJr1V7duYKPWplzp,6H1RjVyNruCmrBEWRbD0VZ,61,4
2tWvZmP9EVRYqmWyJPLzjP,Climbing!,1970-01-01,4vO9dmzNRqDhFY3jD1a3P7,3hyGGjxu73JuzBa757H6R5,64,1
3HCL4YZ2bRtuuYnnONc5ye,Live In London:Hammersmith Apollo 1993,2014-01-01,4EHCt5y6B5EMCYg5ujw6RZ,6ASri4ePR7RlsvIQgWPJpS,45,9
5bTixyz2GHx1YUqNUdzfut,Gigaton,2020-03-27,7gQm8pZsxA5eXCZMBGV7CA,1w5Kfo2jwwIPruYS2UWh56,50,2
2kJpuz9FOqX5riMjGwihhY,Finding Nemo (Original Motion Picture Soundtrack),2003-05-20,7jSQaXLzpLHjSQTev2krvT,1csBgT42N4pPPs1HJhxXIK,64,3
6X0qkUUcolJDrRN3i3CAlT,The Hobbit: An Unexpected Journey (Original Motion Picture Soundtrack),2012-12-11,01LbdbLSELzgqb7QWL5FTN,0OcclcP5o8VKH2TRqSY2A7,68,13
7cTbjqfofNfUq5eIlicTXk,The Elder Scrolls IV: Oblivion: Original Game Soundtrack,2006-03-20,1NhDv99nTtRm37rZpoH7Ix,77yY2QmM6bYvjJ3y5L2R0v,65,4
55RTkgUCP7t80hiTUhATMH,The Lord of the Rings: The Fellowship of the Ring - the Complete Recordings,2001-01-01,6zW80jVqLtgSF1yCtGHiiD,0OcclcP5o8VKH2TRqSY2A7,68,2
4wsbOwqXuuYw8c32ZGvGj5,Behind Closed Doors - The Rarities,2013-05-03,3bxZsAbXwPNBX4I7b36XRm,22WZ7M8sxp5THdruNY3gXt,40,12
5vxBOzakDbJleNA1rbA7FQ,Couldn't Stand The Weather (Legacy Edition),1984-01-01,18PhtDBBYxE0vN4YvsZnMy,5fsDcuclIe8ZiBD5P787K1,63,1
1YrdGK2y2Edq2R5gFja2ai,Santana's Greatest Hits,1994-07-01,4YMQXzscifAREG0a7KNGhB,6GI52t8N5F02MxU0g5U69P,64,6
0i9mOB6mPGqwVvtJEXiwPG,Green River (Expanded Edition),1969-08-03,11DjZQEZ69EXLo77HVj6yW,3IYUhFvPQItj6xySrBmZkd,79,1
0i9mOB6mPGqwVvtJEXiwPG,Green River (Expanded Edition),1969-08-03,01PnRJeFSeOgIpBuv1kQKd,3IYUhFvPQItj6xySrBmZkd,79,2
31q47gQszFt0CddSyMksgO,Willy And The Poor Boys (Expanded Edition),1969-11-02,4BP3uh0hFLFRb5cjsgLqDh,3IYUhFvPQItj6xySrBmZkd,82,6
4ieR19hRkKeE81CalJPQNu,The Spaghetti Incident?,1993-11-23,5sVf9kN90ScddiT3SdT9Qh,3qm84nBOXUEQ2vnTfUTTFC,63,1
28yHV3Gdg30AiB8h8em1eW,Appetite For Destruction,1987-07-21,0G21yYKMZoHa30cYVi1iA8,3qm84nBOXUEQ2vnTfUTTFC,87,1
28yHV3Gdg30AiB8h8em1eW,Appetite For Destruction,1987-07-21,0xaNdYwK8ZF3cHSjraQGC0,3qm84nBOXUEQ2vnTfUTTFC,87,12
6z5LStxyQzrUTrVxjiOXVU,G N' R Lies,1988-11-29,67q0QsfLcTa2SqhP2wQbia,3qm84nBOXUEQ2vnTfUTTFC,56,6
0E4xv5gPjykrwBgBZzI8XG,Back To Black (Deluxe Edition),2006-01-01,0DMRKqrpd0QO4RWiEdMib0,6Q192DXotxtaysaqNPy5yR,84,2
4xdRjOhY9NHmMpI7U3e2c3,Lioness: Hidden Treasures,2011-01-01,7F5rIyOI88zk36AiBXC8xq,6Q192DXotxtaysaqNPy5yR,68,7
0E4xv5gPjykrwBgBZzI8XG,Back To Black (Deluxe Edition),2006-01-01,7MDfN1ldfTMtuXXdVz2Pzc,6Q192DXotxtaysaqNPy5yR,84,7
0E4xv5gPjykrwBgBZzI8XG,Back To Black (Deluxe Edition),2006-01-01,3FAclTFfvUuQYnEsptbK8w,6Q192DXotxtaysaqNPy5yR,84,5
0z7Dc7FRsDH7E4kj32mKyM,Bricks Are Heavy,1992-01-01,1nWccj9gU34OmDYL63pTFS,7yCGrS6Xh3UngvY6Ad5sMJ,57,5
58NXIEYqmq5dQHg9nV9duM,Dirt (2022 Remaster),1992-09-29,1klrDyGRsCBPofZdqdaZp6,64tNsm6TnZe2zpcMVMOoHL,77,9
58NXIEYqmq5dQHg9nV9duM,Dirt (2022 Remaster),1992-09-29,2QjkH9q5Mypj6m38u7Ni9o,64tNsm6TnZe2zpcMVMOoHL,77,8
5PdgIAHzwDvTZRjIGSQGtN,Unplugged,1996-07-29,4uc4dKehCiytR5NLTSGJXu,64tNsm6TnZe2zpcMVMOoHL,64,8
4b0EWRIWecUztiLiaoEN4K,Sap,1992-02-04,2lBqGHtGLD5FGeJJYNKbGS,64tNsm6TnZe2zpcMVMOoHL,53,2
2RNTBrSO8U8XjjEj9RVvZ5,Americana,1998-11-16,3SFXsFpeGmBTtQvKiwYMDA,5LfGQac0EIXyAN8aUwmNAQ,81,4
5LbHbwejgZXRZAgzVAjkhj,Facelift,1990-08-01,6gnvB7ejTWObv3d2xdCaL4,64tNsm6TnZe2zpcMVMOoHL,73,8
1fyLNx6wxgDA59wFInnyup,Thank You,2003-11-10,6qLEOZvf5gI7kWE63JE7p3,2UazAtjfzqBF0Nho2awK4z,64,10
4FCoFSNIFhK36holxHWCnc,Jar Of Flies,1994-01-01,2JuasWPUodaUxf5nwNpciQ,64tNsm6TnZe2zpcMVMOoHL,72,2
75OE7M0wduJyffbffehHuR,Zeit,2022-04-29,0UuNO0yYvsMPlyLF7RfQlg,6wWVKhxIU2cEi0K81v7HvP,76,8
6722nY178mLes49GPldnjj,Rock And Roll Over,1976-11-11,1vcZBUX6P6FHXzG2mUfmCE,07XSN3sPlIlB2L2XNcTwJw,55,9
3elIDlrTtrgKfbxYVgp3uW,Danzig,1988-01-01,7txxAtOMwLLnQTpKeBL6bp,34c4iQ5tkaZKu6Sv28BTde,69,6
2dq7y0FKyzr33UBYXZ2g7u,Spark Seeker,2012-01-01,7eGzVWupgsJNJflKTGX7Lq,5eyMzR1hYiEZtN2c9ly2kw,41,3
5Ce90bO8U06BIvgVNa04Z3,"Live at Stubb's, Vol. II",2011-02-01,0oPII5OCjKPgwq9WmDKk6t,5eyMzR1hYiEZtN2c9ly2kw,31,12
6xv4soedEKLMLzSpgWYuzf,Youth,2006-03-07,3NkIfsiFHnljGrlXSD2AJ3,5eyMzR1hYiEZtN2c9ly2kw,55,13
13dXX35pYjr8FqRla40K2a,Kaya,1978-01-01,1efuoLEUL1K0D96d63svRO,2QsynagSdAqZj3U9HgDzjD,76,1
6Fe4rC0WNhfjvz1vHYuk9u,Another Day,2012-09-28,7Dy4H2LB7mqHm9hLmSBdpL,22fUk65l9TfTRWwYrn5Mq9,18,1
0GqpoHJREPp0iuXK3HzrHk,Houses of the Holy (Remaster),1973-03-28,2eDdFHgqNJltzlvlZFVDWd,36QJpDe2go2KgaRleHCDTp,68,3
6P5QHz4XtxOmS5EuiGIPut,Led Zeppelin II (Remaster),1969-10-22,49C6EGQhCUSgyADHYvJ7ez,36QJpDe2go2KgaRleHCDTp,60,6
44Ig8dzqOkvkGDzaUof9lK,Led Zeppelin IV (Deluxe Edition),1971-11-08,5CQ30WqJwcep0pYcV4AMNc,36QJpDe2go2KgaRleHCDTp,79,4
6VH2op0GKIl3WNTbZmmcmI,The Complete BBC Sessions (Remastered),2016-09-16,7oI0UewzZ7PS0ljPxDqh5g,36QJpDe2go2KgaRleHCDTp,55,6
44Ig8dzqOkvkGDzaUof9lK,Led Zeppelin,1969-01-12,0QwZfbw26QeUoIy82Z2jYp,36QJpDe2go2KgaRleHCDTp,70,1
4Mft3FkYzPHdWTmRW0yS1U,Hyperborea (Deluxe Version / Remastered 2020),1983-11-01,0DYCw5AZIX3S11QQUiPiqN,1BGN1IdyiSR0ZYrkoKNchl,46,9
0t7jKe5qt4N57sUWX33Zew,Phenomenon (2007 Remaster),1974-01-01,1soxeK1ZBX9SsSjK4j4ECa,5pVRwX5ZQR7hfJ18w8ZYkl,61,3
2Tz88LCwtg5sli8x2YjJyF,Hell Freezes Over (Remaster 2018),1994-11-08,2GpBrAoCwt48fxjgjlzMd4,0ECwFtbIWEVNwjlrfc6xoL,67,6
0xzaemKucrJpYhyl7TltAk,Imagine,1971-09-09,7pKfPomDEeI4TPT6EOYjn9,4x1nvY2FN8jxqAFA0DA02H,75,1
3LXOrVXLXwRiOguE446OZo,Ritchie Blackmore's Rainbow,1975-01-01,7FtRUrOEDUHTvenvp1BqZo,4hz8tIajF2INpgM0qzPJz2,62,4
0t7jKe5qt4N57sUWX33Zew,Phenomenon (2007 Remaster),1974-01-01,0lwZD32VPco1d0B7I4ejtQ,5pVRwX5ZQR7hfJ18w8ZYkl,61,2
51B7LbLWgYLKBVSpkan8Z7,Eagles (2013 Remaster),1972-06-01,40h65HAR8COEoqkMwUUQHu,0ECwFtbIWEVNwjlrfc6xoL,76,9
15XNBzVWARPMlu0sEbfBjJ,Tattoo You (2009 Re-Mastered),1981-08-24,4Wd9pEtEnZNDjgiswGOpJb,22bE4uQ6baNwSHPVcDxLCe,75,11
2W5SVDEBlGqHYqt5sa9PnA,Dancing In The Moonlight,1973-01-01,0q21FNwES2bbtcduB6kjEU,5FHwr1FymaS5kutIEK6e2y,55,1
5d71Imt5CIb7LpQwDMQ093,Full Moon Fever,1989-01-01,7gSQv1OHpkIoAdUiRLdmI6,2UZMlIwnkgAEDBsw1Rejkn,81,2
6As5aOEQjfxLIChIB3fQRD,Toys In The Attic,1975-04-08,73TxYZd0lBCVRrHawrAglA,7Ey4PD4MYsKc5I2dolUwbH,75,6
0FVwC6leDmim0EO68PjYto,She's the One (Songs and Music from the Motion Picture),1996-08-06,3oSl41e3rfJXanYvIufE23,4tX2TplrkIP4v05BNC903e,49,10
5HbdpOPhasPYV6gOeBVvTr,Love Songs,2009-01-01,22uJJ5jk87Ts6R79Ly9uji,59QxeZBL6k9L4oJBGSyukd,47,8
10OB4Z0KBJtCayAX7Gk57m,Jumpin' Jack Flash / Child Of The Moon,2021-05-28,1GOdYykgw2W0OcjPANvwgE,22bE4uQ6baNwSHPVcDxLCe,51,1
5FuD0MXgLATEsV4lyBbAD0,Gimme Some Lovin' / Blues In F,1966-01-01,3qCHUm73I3o5F1mDEfibzo,3i9hP422d2KMjaupTzBNVS,54,1
71upkCAZBdlRRxoSbG8wvQ,Black & White,1969-01-01,0jtz7Ia3HahOqXWnKad0rn,6QvgWa4x3Ij4tvBpFMo11P,47,6
1H9g6j4Wwj6wh6p8YHVtkf,Outlandos D'Amour (Remastered 2003),1978-11-02,3EYOJ48Et32uATr9ZmLnAo,5NGO30tJxFlKixkPSgXcFE,78,3
3E54AKQSvQlQekosA4SuT3,Johnny The Fox,1976-01-01,00xoWyJseWkKwOfpajm8dY,6biWAmrHyiMkX49LkycGqQ,47,4
0M2KWMbvY5x1sUnIKNpyUt,The Captain and Me,1973-01-01,4nXkbcTj3nyww1cHkw5RAP,39T6qqI0jDtSWWioX8eGJz,70,2
5SqbMEyAt8332ISGiLX0St,Transformer,1972-12-01,5p3JunprHCxClJjOmcLV8G,42TFhl7WlMRXiNqzSrnzPL,72,5
09WBxbis5Sixt01FVMs8UM,Desperado (2013 Remaster),1973-04-17,1WYokrkFOb9TFVuTrmxTTt,0ECwFtbIWEVNwjlrfc6xoL,69,4
1klALx0u4AavZNEvC4LrTL,The Beatles (Remastered),1968-11-22,389QX9Q1eUOEZ19vtzzI9O,3WrFJ7ztbogyGnTHbHJFl2,79,7
18VnWTsdEcofimkOHcWBAu,Good Golly!,1969-01-01,4YXKKnIZuk7UtXH5oC0ffa,4xls23Ye9WR9yy3yYMpAMm,58,8
2EpuND32cO7CX0gXZl2NB6,Reggatta De Blanc (Remastered 2003),1979-10-02,62uLNJgVZaFiEiKV4LpoYJ,5NGO30tJxFlKixkPSgXcFE,74,6
4GIeoRcpLeLwgxQK8jo183,Troubadour,1976-09-01,5cENc0N9NpJJB7FggcMjyS,06nsZ3qSOYZ2hPVIMcr1IN,60,11
0t7jKe5qt4N57sUWX33Zew,Phenomenon (2007 Remaster),1974-01-01,0lJ8EaAeHeBux57hvDaQmM,5pVRwX5ZQR7hfJ18w8ZYkl,61,9
22fHNsb3nrjDdPoKF7kdPz,The Hurdy Gurdy Man,1968-10-01,6poYscuLQG8hvpxNnyeMUV,6vLlQYujOujIrm7zAKzEdG,54,5
3W6CI0Lw7lElAPID2Fd3B4,Disraeli Gears (Deluxe Edition),1967-11-01,2JbS4ZDBIUcXavA9mfb2nC,74oJ4qxwOZvX6oSsu1DGnw,70,7
4NbLTe8YqLFwys4SmkEofd,Incense And Peppermints,1967-01-01,12aMcjaJouseW0rzAlu34q,1nyQBzKgZ2hBLr7PnyV7cI,48,8
3j7nicLAWXM0Fb08q9XGyf,Pearl (Legacy Edition),1971-01-11,2bD8JWzDBOnSeUcsjVU2SD,4NgfOZCL9Ml67xzM0xzIvC,69,4
1w7JOjdpfTBz4rvhWQDWJz,The Marshall Tucker Band,1973-01-01,3k3eu6dnokyqCk2UD6GID3,59QxeZBL6k9L4oJBGSyukd,64,8
56G9UnPmRifbubzPDJfAyd,Coda (Deluxe Edition),1982-11-19,16VhHtoaOjTU4AJBNSBNQ1,36QJpDe2go2KgaRleHCDTp,61,8
53oqFs4q8sfqH6IPiyleEN,Free,1969-10-01,5Zbxc0wu95kL74YEhMzUmL,4596e2d3KmYzAeVenjCxfj,44,4
3zMRSD0zUqopFPaoER2ODc,Back To The Egg,1979-06-06,1rHvKz5JPpCf9IJDHsyX8P,3sFhA6G1N0gG1pszb6kk1m,58,1
3W6CI0Lw7lElAPID2Fd3B4,Disraeli Gears (Deluxe Edition),1967-11-01,47bXIv24jthL4vzZy3j7CY,74oJ4qxwOZvX6oSsu1DGnw,70,1
16oKZSg3msLgn69IK1puzi,St. John Green,2014-09-23,47p2NnvtB2xG9MhTcQpcs0,66Dx7ivzkFULFRIPPvnlxk,36,3
3NpLHWshxHfxbhdYdgtmPL,Blues From Laurel Canyon,2007-01-01,0YCyXedYGnoaAOdirCzOR3,2ScuQMRWThcifBRIvNDFDC,35,7
0Ez9S8Dhzr1fa6ZCkcIJiR,Born Under A Bad Sign (Mono),1967-01-01,5DUWIeIriroyHEbPdqxEFG,5aygfDCEaX5KTZOxSCpT9o,57,4
160euwnzg8f0oSEz3on32Z,A Hard Road,1967-02-17,4fP9hwZKpP7BiEoMOTecHm,2ScuQMRWThcifBRIvNDFDC,42,1
3W6CI0Lw7lElAPID2Fd3B4,Disraeli Gears (Deluxe Edition),1967-11-01,3oaSvU9VBBmyfPA4lbibQM,74oJ4qxwOZvX6oSsu1DGnw,70,9
2d1Ak1JqfBZa2dbmBNPfXH,Yardbirds '68,2017-11-05,3iJ3aUaosOAdlVbAIJGwao,2lxX1ivRYp26soIavdG9bX,29,13
3uFZf8rykoHo7XMIQVYW6r,Axis: Bold As Love,1967-12-01,0uco0wQkB909zpPlHvu5Cc,776Uo845nYHJpNaStv1Ds4,70,13
2wQsSBMLBcaXqkkIs35XxR,Gettin' Together,1967-01-11,1XyWR4W4RW6sIlVZCRIf9i,01hRNr3yF5bYnPq4wZ88iI,41,12
3q90UAYeHLvAtnowiQlmgp,Cold Fact,1970-03-05,3hgVJGSwCFY8M84FavQwdD,0gg11prPP6OqtUvBcKnPpq,69,6
2VNMoSXYKrjAAU4aqiTvtY,In Motion Pictures,2012-01-01,31Tp5iKrVUayn65qhg06nE,2BGRfQgtzikz1pzAD0kaEn,62,14
24E6rDvGDuYFjlGewp4ntF,Evil Empire,1996-04-16,0tZ3mElWcr74OOhKEiNz1x,2d0hyoQ5ynDBnkvAbJKORj,72,2
1xbCFz18Eq2MJ6PrwKfvNl,Music Bank,1999-01-01,4A065x9kJt955eGVqf813g,64tNsm6TnZe2zpcMVMOoHL,46,3
2B2KQTgQr3UhQf4n2VtoUG,"Hints, Allegations & Things Left Unsaid",1994-03-29,77YKoNCjP5hWqiXMRG2839,4e5V1Q2dKCzbLVMQ8qbTn6,0,1
6deiaArbeoqp1xPEGdEKp1,By the Way (Deluxe Edition),2002-07-09,1ndGB6rvxKYN9seCYO1dTF,0L8ExT028jH3ddEcZwqJJ5,83,6
5sHvTCk793vr9EkSKcD7IT,A Beautiful Lie,2005-01-01,0lP4HYLmvowOKdsQ7CVkuq,0RqtSIYZmd4fiBKVFqyIqD,75,3
2v9PjvIkQVnyQdtD1iQD7e,Bury The Hatchet,1999-04-19,15Trb1S2FDZSMLDzWfnlbg,7t0rwkOPGlDPEhaOcVtOt9,66,3
6lPb7Eoon6QPbscWbMsk6a,Surrealistic Pillow,1967-01-01,2zbGXr2XCcRR40R7ymEENc,2qFr8w5sWUITRlzZ9kZotF,71,9
4GIeoRcpLeLwgxQK8jo183,Troubadour,1976-09-01,6G3NoUqDpqD3Rgfel2pD6s,06nsZ3qSOYZ2hPVIMcr1IN,60,6
48D1hRORqJq52qsnUYZX56,The Rise and Fall of Ziggy Stardust and the Spiders from Mars (2012 Remaster),1972-06-06,5IyL3XOaRPpTgxVjRIAxXU,0oSGxfWSnnOXhD2fKuz2Gy,78,9
1HQ61my1h3VWp2EBWKlp0n,First Impressions Of Earth,2006-01-03,4fPBB44eDH71YohayI4eKV,0epOFNiUfyON9EYx7Tpr6V,72,1
0DQyTVcDhK9wm0f6RaErWO,Doolittle,1989-04-17,4IvZLDtwBHmBmwgDIUbuwa,6zvul52xwTWzilBZl6BUbT,75,5
45StnugV9WQMQwk4rRoTy8,Louder Than Bombs,1987-01-01,2AdRSHeYmDGMrgIfiS2w7K,3yY2gUcIsjMr8hjo51PoJ8,79,13
7dfnxOYh1XR9AKqCcGckGX,This Is Dean Martin,1958-01-01,5OkKOkdVTKFrYi6GWXkMzR,49e4v89VmlDcFCMyDv9wQ9,63,1
1mSECpFqHRW6leG4idqTE1,Seal,1994-05-31,3YKptz29AsOlm7WAVnztBh,5GtMEZEeFFsuHY8ad4kOxv,69,6
4lmdDGcU5u1xk3GCcVJSYT,The Very Best of The Everly Brothers,1964-08-01,11fNLqDB47gMKj7BHhR2Qr,4ACplpEqD6JIVgKrafauzs,63,3
0uJJdEZ8sRLNPoKEkjvqTD,Elvis 30 #1 Hits,2002-09-24,64Ny7djQ6rNJspquof2KoX,43ZHCT0cAZBISjO8DG9PnE,73,3
6zk4RKl6JFlgLCV4Z7DQ7N,Elvis' Christmas Album,1957-10-15,5b1jXYUOgAX5QAHXPVHdld,43ZHCT0cAZBISjO8DG9PnE,87,1
4ebpJ41hnGAIBZ8Cwua250,Whitey Ford Sings the Blues,1998-09-08,6vUPPEN2V2lZ78b6DyEIjZ,14ZxDAK6ITtZZqPdiWrvSn,0,4
2Y9IRtehByVkegoD7TcLfi,Californication (Deluxe Edition),1999-06-08,1G391cbiT3v3Cywg8T7DM1,0L8ExT028jH3ddEcZwqJJ5,87,3
2ISXjEm0D4chvU2IDNvUqk,All Hope Is Gone,2008-08-22,3RptaQ5Xb8WvtpItZ2f9Hi,05fG473iIaoy82BF1aGhL8,71,11
5VIQ3VaAoRKOEpJ0fewdvo,Fleetwood Mac,1975-07-11,5ihS6UUlyQAfmp48eSkxuQ,08GQAI4eElDnROBrJRGE0X,79,8
2MH37enG6IPvNK5QFLyKes,Whitney,1987-06-02,2tUBqZG2AbRi7Q0BIrVrEj,6XpaIBNiVzIetEPCWDvAFP,79,1
4HDJMKkwAMVFewqfZcmf84,Business As Usual,1981-11-09,3ZZq9396zv8pcn5GYVhxUi,0f3EsoviYnRKTkmayI3cux,75,3
0uJJdEZ8sRLNPoKEkjvqTD,Elvis 30 #1 Hits (Expanded Edition),2022-02-18,1iUgrte2PxLxQ6Te95RnAV,43ZHCT0cAZBISjO8DG9PnE,72,1
2NFd4ApYFitFtJhGTSfDdP,Ain't That Good News,1964-03-01,0KOE1hat4SIer491XKk4Pa,6hnWRPzGGKiapVX1UCdEAC,66,7
7rd4PorIOPjPTy7qdUeeCt,At Last!,1960-01-01,4Hhv2vrOTy89HFRcjU3QOx,0iOVhN3tnSvgDbcg25JoJb,77,7
5ygHCOppc7ipeiWCB8cj9M,All The Colours Of You,2021-06-04,0tOeNmw9K0pwwKbrYJz9iq,4IWBUUAFIplrNtaOHcJPRM,38,2
4sd1JAggakMUuXLpFN6LIx,Pleased To Meet You,2001-01-01,0TdAVKULjn3z2BRjrx3Hl2,4IWBUUAFIplrNtaOHcJPRM,55,12
52xQjUD5UDE148bj1ttv1P,Fresh As A Daisy - The Singles,2007-01-01,3CFSER4CPZ1qwDa2DGuLOX,4IWBUUAFIplrNtaOHcJPRM,50,2
6rxWj1ng8FnY7dsq5YhvIp,There Is a Light That Never Goes Out (Take 1),1986-06-16,2OUPZheGd8XbNQwBMImYnI,3yY2gUcIsjMr8hjo51PoJ8,56,1
2k8KgmDp9oHrmu0MIj4XDE,Is This It,2001-07-30,7hm4HTk9encxT0LYC0J6oI,0epOFNiUfyON9EYx7Tpr6V,76,5
71HM1CMYWeZzws8pyiEn46,The Predator,1992-11-17,2qOm7ukLyHUXWyR4ZWLwxA,3Mcii5XWf6E0lrY3Uky4cA,76,7
55fq75UfkYbGMq4CncCtOH,Metallica,1991-08-12,7lwvxYumAEo10lzAplRGXM,2ye2Wgw4gimLv2eAKyk1NB,83,4
55fq75UfkYbGMq4CncCtOH,Metallica,1991-08-12,2CtemffYhT0DJWcT1XW047,2ye2Wgw4gimLv2eAKyk1NB,0,8
4EK8gtQfdVsmDTji7gBFlz,Melophobia,2013-10-08,4sebUbjqbcgDSwG6PbSGI0,26T3LtbuGT1Fu9m0eRq5X3,73,2
6rsQnwaoJHxXJRCDBPkBRw,Favourite Worst Nightmare,2007-04-22,58ge6dfP91o9oXMzq3XkIS,7Ln80lUS6He07XvHI8qqHH,85,12
3539EbNgIdEDGBKkUf4wno,Dummy,1994-01-01,3Ty7OTBNSigGEpeW2PqcsC,6liAMWkVf5LH7YR9yfFy1Y,73,11
5YuZ4DjvtZBywtIbHIqtGJ,13,1999-01-01,0SaRvx9eYudSCQYNjuCQKX,7MhMgCo0Bl0Kukl93PZbYS,62,12
4sW8Eql2e2kdRP1A1R1clG,Turn On The Bright Lights,2002-08-20,4PAR0Zp6Mbu3p6NKYClgBr,3WaJSfKnzc65VDgmj2zU8B,65,3
1mSv7EACPPrgNTlKDo32Kk,Donnie Darko (Original Motion Picture Soundtrack),2002-04-02,1ewqpUUSLANb3jjc4UI8uX,0RkqytrwoGyXGvDiZwT6i2,1,17
7IMqoztesjFDgyeibke8Jz,Little Creatures,1985-07-10,3DHuFJY6nkvGiS0h4V2U35,2x9SpqnPi8rlE9pjHBwmSC,61,1
6WgGWYw6XXQyLTsWt7tXky,Graceland (25th Anniversary Deluxe Edition),1986-08-12,0qxYx4F3vm1AOnfux6dDxP,2CvCyf1gEVhI0mX6aFXmVI,72,6
6nYdAmB6enE4lKlt4IHuVT,"Violator | The 12"" Singles",2022-04-01,4wGSg2Qqpt2sGCWuAZj6EN,762310PdDnwsDxAQxzQkfX,67,7
4AsXQ17Arq1cUVoa9dKJ3F,Tango In the Night (Deluxe Edition),1987-04-13,4CoSCPlKNrWli7E5kFtbcl,08GQAI4eElDnROBrJRGE0X,80,7
65kIVEdb93smbnC7k4aie7,Document - 25th Anniversary Edition,1987-09-01,2fdfsGuqb6SBX5ocoBWHUd,5BcAKTbp20cv7tC5VqPFoC,62,7
1aEMnQLoZHDjibEDcisTMJ,The One That You Love,1981-01-01,2EzTLbGTRB1tD47jN509wc,4xXCRXOfQKQ2gjWxNhNzYW,65,3
5MAL7e4EnKXW1hFg6NbFqP,Slowhand 35th Anniversary (Super Deluxe),1977-11-01,6zC0mpGYwbNTpk9SKwh08f,6PAt558ZEZl0DmdXlnjMgD,72,2
5OlNb8PMZXFkhhtSrhLuO5,Baby I'm-a Want You,1972-01-01,52VIdyKqp1pJRSyUQaxKUA,70ZTdbPEcEugBNay4MvxfL,69,4
3Br6amYT7sC9y3uvHkfRDI,Carpenters,1971-01-01,5cbZDpFu1hTwaU7hDQpf13,1eEfMU2AhEo7XnKgL7c304,62,1
6IrnLFWIE2RvTrtNH93m1T,The Unreleased Acoustic Collection,2011-01-01,6INw1Yp2DPTG23oMIyOvj7,5elcNQkZ6FCZA3grSOMngY,0,11
4asBn7hzIq2Ka7rDzJN24P,Chicago X,1976-06-14,0KMGxYKeUzK9wc5DZCt3HT,3iDD7bnsjL9J4fO298r0L0,71,4
5aH4HCsNua1doApLj5cb8J,Hearts In Motion,1986-02-01,6gAhuDvn8Ef6P710UMze9W,4xXCRXOfQKQ2gjWxNhNzYW,56,2
3coLNlyStg9h7f8CZ103Rl,Ladies And Gentlemen... The Best Of George Michael,1998-11-09,4jDmJ51x1o9NZB5Nxxc7gY,19ra5tSw0tWufvUp8GotLo,79,3
3HqV6VqL6KnTriwvEfMKZR,The Collection,2012-10-29,5nDSJO4909uNzMcZH3CggS,3iDD7bnsjL9J4fO298r0L0,58,1
6XkXta8AXNmXkZAxM0CYqW,Anthology,2005-01-01,1HDaENkQhUMm16pjdxZvHn,3Z02hBLubJxuFJfhacLSDc,64,1
2o2G49EPi4lua5zgxUKhLL,Reckless,1984-11-01,7Ewz6bJ97vUqk5HdkvguFQ,3Z02hBLubJxuFJfhacLSDc,0,4
7DKHQxJTI32UyCdDdGwvRC,Extreme II - Pornograffitti,1990-01-01,1gVgkQFOKa8Wc1HYsJtPdH,6w7j5wQ5AI5OQYlcM15s2L,71,5
1ILknbSc8Ll0TqA8oJKkNV,Even Now,1978-01-01,1M9IJNLfirBmrNAzzhJN3j,3alW3LYQS8K29z8C8NSLIX,60,4
7hktYMjRekLPK3BZRr4sIQ,The Invisible Band,2001-06-12,4yA2SM7XCLkSgkBUSoZb5S,0Y5tJX1MQlPlqiwlOH1tJY,67,1
7LPfdVDw4uXf9Bw5LQDESf,Heartbeat City,1984-03-13,2lFFiNm0XtgJ6wkdncTB4k,6DCIj8jNaNpBz8e5oKFPtp,63,4
5ow5gHH0Di4pR3wUhZTuHx,Only The Lonely (Re-Recorded Version),2009-01-01,2AMwxuBy5vJfm4jzGSD1HS,6scOultrkXrQsClcbGKM7e,19,1
0R8Pl54TXSwXWtAEVaP7ew,A New Flame (Expanded Version),1989-01-01,7DFawVSjI88xR9mjnWwURg,1fa0cOhromAZdq2xRA4vv8,69,9
4pk3tltFMVlT06MLJfmWTT,Picture Book (Expanded Version),1985-01-01,1yg7fwwYmx9DQ2TdXUmfpJ,1fa0cOhromAZdq2xRA4vv8,66,7
0VJI3wpebzRyVHq0eZQidb,The Very Best of Bonnie Tyler,2009-03-26,7wuJGgpTNzbUyn26IOY6rj,0SD4eZCN4Kr0wQk56hCdh2,75,48
1rVhockt4RAiZFaK3M3zPB,No Jacket Required (2016 Remaster),1985-01-25,6fkvIT9KFKxO8poBeKfaEf,4lxfqrEsLX6N1N4OCSkILp,70,5
3mVCQqgwEvwD7lHy9KHi7R,...Nothing Like The Sun,1987-01-01,5oE6INocVL9viDow5y8QNM,0Ty63ceoRnnJKVEYP0VQpk,70,6
1FvdZ1oizXwF9bxogujoF0,She's So Unusual,1983-10-14,7o9uu2GDtVDr9nsR7ZRN73,2BTZIqw0ntH9MvilQ3ewNY,80,4
5Das42Qx4AoU9iT4M7PW3U,Heart Shaped World,1989-06-13,7w5AOd6HrDIHewHfpABEss,7290H8m1Dwt8G7jm1y9CQx,75,5
43BpzOGC3BUfKVfNCJA9cp,Soldier of Fortune,2007-03-06,0TN3CFZuYzAWQCV9N3pVPN,0ybFZ2Ab08V8hueghSXm6E,46,1
7IKUTIc9UWuVngyGPtqNHS,L.A. Woman,1971-04-19,6DmfWj5kOa1fX8AwN9byOn,22WZ7M8sxp5THdruNY3gXt,72,5
75bLu4Ung5QbMdJYxx7wTI,The Soft Parade,1969-07-21,4BVE5tIIpYabZcYCbephNW,22WZ7M8sxp5THdruNY3gXt,62,2
09Df7mUZBQwbDYgvE0t30r,Survival,1979-01-01,2qmHhaOmlcKDeGfipGhF1j,2QsynagSdAqZj3U9HgDzjD,70,6
2FNEyXwobWQ1XCjmZoFDu6,Life,2021-05-21,1veACzkH4SkgD8g5DlFXb3,3HTAGLsChflHAIapHVIp4V,26,6
70O5rAojsnXg6XSz3psBzZ,conversations with the beat,2020-02-28,0sRuPIWvz2TljkZiizBTIw,3AH6sTUCngxmwaizGbhJEv,9,1
1WKHgFnVXim0GYVfkOXgFR,Good Company,2022-10-07,5EkfBtKj3ikNaknxJAEqRG,3AH6sTUCngxmwaizGbhJEv,17,5
1bgkxe4t0HNeLn9rhrx79x,Blur: The Best Of,2000-10-23,5CeL9C3bsoe4yzYS1Qz8cw,7MhMgCo0Bl0Kukl93PZbYS,70,10
7HvIrSkKGJCzd8AKyjTJ6Q,Blur (Special Edition),1997-02-10,1FTSo4v6BOZH9QxKc3MbVM,7MhMgCo0Bl0Kukl93PZbYS,76,2
0gYPRsuRCNBQHN0xbIxFX2,Hair Of The Dog (Live),2007-06-12,1i5oEx2vFczQ2sCY3c6Kn5,6fvN9GmMCVKb5LY0WsnjFP,43,5
3Rk48nd3gDgBIq0uYT98AS,Sultans Of Swing - The Very Best Of Dire Straits,1998-01-01,3pGBIgFdfdnjtHDJR4nbrR,0WwSkZ7LtFUFjGjMZBMt6T,61,8
0oeMysdC6eeivvWbvQ9JNm,Just Once In My Life,1965-04-04,2qhASBzpbFhPRtrnZ5lLnz,4b0WsB47XCa9F83BmwQ7WX,71,3
1RDVdxPUaqC4o7Rkm8LoOE,Aerosmith,1973-01-05,1xsYj84j7hUDDnTTerGWlH,7Ey4PD4MYsKc5I2dolUwbH,4,3
15q7N7Wo307mfjqR29NpjF,Double Fantasy: Stripped Down,1980-11-17,5y0YreEOnQiKFAnCrcFIXz,4x1nvY2FN8jxqAFA0DA02H,68,1
6gqzcKMZ178mqS5Bd51MDf,Whoosh!,2020-08-07,77hitAMfc6USq4gkpwthV8,568ZhdwyaiCyOGJRtNYhWf,40,4
4B3jbISuOJnDpZj8iobFxu,Pure Gold,1980-04-09,3ziJFd6JeioC8Xfct0UXpJ,2aAHdB5HweT3mFcRzm0swc,50,10
6nWZLgTAuIgulKZcJxgsg4,Todo Historias,1993-01-01,0z3Voyxi0FH0SQBc7c4wri,61J0BktHv7PuP3tjTPYXSX,66,1
6hmmX5UP4rIvOpGSaPerV8,Tracy Chapman,1988-04-05,2DjWsDGgL1xNbhnr7f6t5F,7oPgCQqMMXEXrNau5vxYZP,80,5
4JfHVHyLVWLfQzGoXixdsb,Twenty Twenty,2020-07-24,2oJTBb2IyQZqEG3cTFRbLz,3nlHsNqwCSvT988ZfSW1Yh,48,8
2w6cYUhoQ1uZ26JMVz7Vdj,"Rinaldo, HWV 7: Lascia ch'io pianga (Arr. for Piano)",2019-10-04,0dfAHJmRg7JtCbitsageQG,1QL7yTHrdahRMpvNtn6rI2,43,1
2GLJLkriVbdfDi5W5e3LJM,Hilary Hahn Plays Bach,1997-01-01,2sqhid2MBYJCZWPrLjsUbP,5aIqB5nVVvmFsvSdExz408,49,1
4WUbpK20883ttlEJDW1C3f,"Corrette, M.: Symphonies des noels / Concertos comiques",2009-12-10,6JkDThoofgbKj59ykGwRph,6YqejfdahJrTfoRRKLsX4F,38,4
6cxrMdnJcMkQwxws9Ao0Ek,W.F. Bach: Piano Works,2015-03-03,3Txpk5H7P3Qc2ny1KlcWCW,5fz5lcOIakwBiRF7vzfm0u,34,10
63frfMMFBlj2UO2TjXtykq,"Vivaldi: Violin Concerto in E-Flat Major, RV 257: III. Allegro",2021-06-11,5AW6hac4JAKu0ygmZUw7HF,2QOIawHpSlOwXDvSqQ9YJR,32,1
6XqM4NINcx3oc7NhOUKxXp,Odessey and Oracle,1968-01-01,6hleUCx3E4gB2urwRvx1QT,2jgPkn6LuUazBoBk6vvjh5,67,12
2rogKfOpmCFuqNhtGKf2dX,Cheap Thrills,1968-08-12,1xKQbqQtQWrtQS47fUJBtl,4J69yWrKwWJgjv3DKTZcGo,65,4
0zrtTZC7yY2TOEhnbJzSb9,Wheels Of Fire,1968-07-01,3Xls4cNOwy01dtrNXb1inG,74oJ4qxwOZvX6oSsu1DGnw,66,1
6FCzvataOZh68j8OKzOt9a,London Calling (Remastered),1979-01-01,6ITuEsxEy2qPhqMowdDAeI,3RGLhK1IP9jnYFH4BRFJBS,73,19
7qEP3i0f0zfk6JUFW3SyeN,Different Light,1985-07-11,00vYs0qZA40Z8AAaN7xmMO,51l0uqRxGaczYr4271pVIC,63,1
59RsiGLQVyFHiFn2K5VNvX,Chinese Wall (Expanded Edition),1984-10-01,5LYJ631w9ps5h9tdvac7yP,6ZNeppgfBLPUyugks9Yn1u,66,6
0EriQlp6zHpb1ThLZcandW,Play Deep,1985-06-29,0WoFs3EdGOx58yX5BtXvOa,1zxDewzd2j1ZdSBGaYcr0y,3,2
4HDJMKkwAMVFewqfZcmf84,Business As Usual,1981-11-09,5rfJ2Bq2PEL8yBjZLzouEu,0f3EsoviYnRKTkmayI3cux,75,1
6kN4oL9kGdctlHHaId3D3T,Crowded House (Deluxe),1986-08-01,0fiSpF9mvRFQWy0ca64d1g,7ohlPA8dRBtCf92zaZCaaB,65,4
7ygXmT175bKbOpiPjNwXOB,H2O,1982-10-04,7j74lucZ59vqN67Ipe2ZcY,77tT1kLj6mCWtFNqiOmP9H,75,1
3KFWViJ1wIHAdOVLFTVzjD,Non-Stop Erotic Cabaret,1981-01-01,0cGG2EouYCEEC3xfa0tDFV,6aq8T2RcspxVOGgMrTzjWc,77,2
3dLKM8bD8R3H3XnSOXGjTF,Crazy World,1990-01-01,3ovjw5HZZv43SxTwApooCM,27T030eWyCQRmDyuvr1kxY,76,4
0PMasrHdpaoIRuHuhHp72O,Born In The U.S.A.,1984-06-04,7FwBtcecmlpc1sLySPXeGE,3eqjTLE0HfPfh78zjh6TqT,82,11
62U7xIHcID94o20Of5ea4D,Toto IV,1982-04-08,2374M0fQpWi3dLnB54qaLX,0PFtn5NtBbbUNbU9EAmIWF,81,10
2sS9l8uc3d3UsK9unJyrD8,...But Seriously (Deluxe Edition),1989-11-20,1NCuYqMc8hKMb4cpNTcJbD,4lxfqrEsLX6N1N4OCSkILp,74,7
6EQLKMRggF3e60ugh9GBmc,Valotte,1984-01-01,2SPU97neddixGZ3wCMLAwx,4Tvos0a5rRrBu4Oodu5f79,49,6
62U7xIHcID94o20Of5ea4D,Toto,1978-10-10,4aVuWgvD0X63hcOCnZtNFA,0PFtn5NtBbbUNbU9EAmIWF,77,9
3wCe8HjHk6QNGcf5D3jgW1,Broadcast,1986-01-01,4ByEFOBuLXpCqvO1kw8Wdm,3cniTumSiUysiPWXapGx1i,75,6
4NNq2vwTapv4fSJcrZbPH7,This Old Dog,2017-05-05,4LpUpiYoZ2M3Z1kmhn4EQo,3Sz7ZnJQBIHsXLUSo0OQtM,84,6
5WBx64FIN04CvM2T1MGrUN,Nashville Skyline,1969-04-09,4uYwlMp841PLJmj1gJJwIq,74ASZWbe4lXaubB36ztrGX,65,6
5IL9KRDDd1L4m6f9SKS0yN,Anthology,1989-01-01,1vXuYPpkLjn1v06E2EsWQY,01hRNr3yF5bYnPq4wZ88iI,49,19
5ApN9lqru1t3Xh1IaEGTll,Stealers Wheel,1972-01-01,3Vby4nGmtbDo7HDJamOWkT,7bPU7cvfoD20ixGD9Qnqki,73,2
1K9yhJFW4FR8Rc1VURWA5T,Idlewild South (Deluxe Edition Remastered),1970-09-18,1hHGUdFaiJHw9hVZGJWYO2,4wQ3PyMz3WwJGI5uEqHUVR,67,3
1zcm3UvHNHpseYOUfd0pna,Breakfast In America (Deluxe Edition),1979-03-29,4a5pNRjwmzYQuEY1E7O6pj,3JsMj0DEzyWc0VDlHuy9Bx,78,4
4vAhQeeWkSjVn0p5GAaLBx,How Can You Mend A Broken Heart,2020-12-11,49OMJ1prsRA7ZYgrAjz70c,1LZEQNv7sE11VDY3SdxQeN,74,17
1ZPtIPAHcNHgLuL0K6BzJN,Orphée,2016-09-16,3l8h6urWQ8SxZINH323Zc7,3IpQziA6YwD53PQ5xbwgLF,56,8
3O26r0jhu5oE0ITWbQJdnX,Lionheart,2021-10-15,65a1ng2xAbaRbYWsq9H2MH,25s9H1JQmTu3iuFzpXWUIg,54,2
73YLmvCxBSzesjqxCOBAWS,The Rewritten Memories,2021-03-26,02xd7yuAEiLOF7rt4zlPep,0fauHpmSHwodVYIjTqOGHz,58,3
1ZPtIPAHcNHgLuL0K6BzJN,Orphée,2016-09-16,1G2mAZQL8xfy9wRqC6fY6K,3IpQziA6YwD53PQ5xbwgLF,56,6
4BXGjoLEXYMhFcLRfPPJAK,"Schubert: Du bist die Ruh', D. 776 (Transc. for Cello & Piano)",2021-05-14,7oenWdkfvoEySYVc0rH6Cq,2p0UyoPfYfI76PCStuXfOP,33,1
5kV0KBXfELibs6qQJLmOtg,Ten Summoner's Tales,1993-03-09,6CKoWCWAqEVWVjpeoJXyNH,0Ty63ceoRnnJKVEYP0VQpk,75,10
7yZHLfxqiGPbSQLrVJljah,The Singles (Expanded),2016-10-14,3iD7f8biGSkrgGB609uzCR,4lxfqrEsLX6N1N4OCSkILp,73,4
1cM3r0WQZWNkCpEbmFjLln,Face Value (Deluxe Editon),1981-01-01,18AXbzPzBS8Y3AkgSxzJPb,4lxfqrEsLX6N1N4OCSkILp,73,1
4xwx0x7k6c5VuThz5qVqmV,The Velvet Underground & Nico 45th Anniversary,1967-03-12,11607FzqoipskTsXrwEHnJ,1nJvji2KIlWSseXRSlNYsC,70,1
6ohX7moZZnF1FwYrli1OJ6,In Utero,1993-09-21,3z53rfQOg6Eb5pBCRsd7Uu,6olE6TJLqED3rqDCT0FyPh,77,9
2guirTSEqLizK7j9i1MTTZ,Nevermind (Remastered),1991-09-26,3tlXDvaNrrOmdvG0XVUOcv,6olE6TJLqED3rqDCT0FyPh,84,6
784v2vgKR7tIuycQVzWMOg,With The Lights Out - Box Set,2004-11-23,7tUtvGeKB2V5W5ms6uBlyC,6olE6TJLqED3rqDCT0FyPh,60,14
6ohX7moZZnF1FwYrli1OJ6,In Utero (Deluxe Edition),1993-09-21,11LmqTE2naFULdEP94AUBa,6olE6TJLqED3rqDCT0FyPh,78,3
1To7kv722A8SpZF789MZy7,MTV Unplugged In New York,1994-11-01,15VRO9CQwMpbqUYA7e6Hwg,6olE6TJLqED3rqDCT0FyPh,78,4
3myPwaMYjdwhtq0nFgeG6W,Songs From The Big Chair (Super Deluxe Edition),1985-02-25,4RvWPyQ5RL0ao9LPZeSouE,4bthk9UfsYUYdcFyqxmSUU,82,3
0XGgMqKNcQgd0i9YHFiPei,Vital Idol,1985-01-01,3rQfYDjgpRy5LFlClpPQW9,7lzordPuZEXxwt9aoVZYmG,65,2
0XGgMqKNcQgd0i9YHFiPei,Vital Idol,1985-01-01,1gzIbdFnGJ226LTl0Cn2SX,7lzordPuZEXxwt9aoVZYmG,65,1
6kvCH4eS92QkpBNdTmjLEz,Blues,1994-04-18,2AtnrJEq48pGhlpgS59akM,776Uo845nYHJpNaStv1Ds4,52,7
5z090LQztiqh13wYspQvKQ,Electric Ladyland,1968-10-25,2aoo2jlRnM3A0NyLQqMN2f,776Uo845nYHJpNaStv1Ds4,74,15
7rSZXXHHvIhF4yUFdaOCy9,Are You Experienced,1967-05-12,3XxBSvDZKH5YvZZjTpn6eR,776Uo845nYHJpNaStv1Ds4,74,17
4xwx0x7k6c5VuThz5qVqmV,The Velvet Underground & Nico 45th Anniversary,1967-03-12,2J8Mbdpem8CiSZKRoZOIeG,1nJvji2KIlWSseXRSlNYsC,70,5
4xwx0x7k6c5VuThz5qVqmV,The Velvet Underground & Nico 45th Anniversary,1967-03-12,7qOVMMY0couqt76ObwY947,1nJvji2KIlWSseXRSlNYsC,70,8
4xwx0x7k6c5VuThz5qVqmV,The Velvet Underground & Nico 45th Anniversary,1967-03-12,5by3w3NXvwDpV9FBSOR35u,1nJvji2KIlWSseXRSlNYsC,70,7
4RMGrhJRnGiNqmKqhqpLlX,Loaded (2015 Remaster),1970-01-01,7JPyEGFLoJIcEkIT0P9SbS,1nJvji2KIlWSseXRSlNYsC,55,13
4RMGrhJRnGiNqmKqhqpLlX,Loaded (2015 Remaster),1970-01-01,63OJHHu2ambZAvdrvhdT2b,1nJvji2KIlWSseXRSlNYsC,55,8
4xwx0x7k6c5VuThz5qVqmV,The Velvet Underground (45th Anniversary),1969-01-01,11VwZwNF29HrqwalYUMitb,1nJvji2KIlWSseXRSlNYsC,64,4
4xwx0x7k6c5VuThz5qVqmV,The Velvet Underground & Nico 45th Anniversary,1967-03-12,29engDqjmMr3VLqMm0c0WE,1nJvji2KIlWSseXRSlNYsC,70,4
7d9IZA5hVMlRqkRszYt66r,Happy Trails,1969-01-01,14hykKy6TC9y6chiptCtje,7DCnwoFMqGN6eZULdcLZeL,42,1
2BtE7qm1qzM80p9vLSiXkj,Magical Mystery Tour (Remastered),1967-11-27,3Am0IbOxmvlSXro7N5iSfZ,3WrFJ7ztbogyGnTHbHJFl2,72,8
2vfiwvlxOBNBohRXfvlMtY,Experience Hendrix: The Best Of Jimi Hendrix,1997-09-16,2AxCeJ6PSsBYiTckM0HLY7,776Uo845nYHJpNaStv1Ds4,58,15
2amHBpP8C0EUy6yBNy6nN6,Forever Changes (2015 Remaster),1967-01-01,1XuccRABkfUVB4FjSVhjL1,391oLRVmoTkumiN79HkTWu,52,1
3W6CI0Lw7lElAPID2Fd3B4,Disraeli Gears (Deluxe Edition),1967-11-01,2K2M0TcglCRLLpFOzKeFZA,74oJ4qxwOZvX6oSsu1DGnw,70,2
0kVK9lFFTzhnEb4ETElbCD,Born to Be Alive (The Original),1978-01-01,3XIEWK1V9n25PS9Vb6axj5,1CcEgi464SWZsKY5579u7z,67,1
6AUihdKWdT5evm91G7wirB,Aloha from Hawaii Via Satellite (Live),1973-02-02,2VGkf2IJXOSWouDhatlH3i,43ZHCT0cAZBISjO8DG9PnE,58,7
1To7kv722A8SpZF789MZy7,MTV Unplugged In New York,1994-11-01,551qy5vUgrUfEUc4dCNfht,6olE6TJLqED3rqDCT0FyPh,78,14
55SUyh2rkdGh40pAa1f0J0,Reel To Real,1974-01-01,72GArtMM1PUs0ulr1qkDVD,391oLRVmoTkumiN79HkTWu,1,11
139wQCfuct3175gUXTTxgX,The Second Album,1966-01-01,0XXzChE5NEs2BHosMxeIe3,3i9hP422d2KMjaupTzBNVS,45,2
4Qqey3tSd9AaThQRTR2Ydi,The Traveling Wilburys Collection,2007-06-11,5jCPgpW81gnLJcoYQhFEoZ,2hO4YtXUFJiUYS2uYFvHNK,56,13
3KzAvEXcqJKBF97HrXwlgf,Please Please Me (Remastered),1963-03-22,3VbGCXWRiouAq8VyMYN2MI,3WrFJ7ztbogyGnTHbHJFl2,77,8
6Kq1wGlsadyj4jQhjTO6CE,Closer,2015-01-27,7GuLQABAOtHgdebC50HGIl,02seUFsFQP7TH4hLrTj77o,46,3
1j3ak8bXvTij3YcWXb6laH,Spirit Of America,1975-04-14,2KOt2JrCB720UxIbyzweQo,3oDbviiivRWhXwIE8hxkVV,55,18
3nZRriUOOM8Gvv3ox8ybn1,A Little Less Conversation: Elvis vs JXL,2002-08-01,3j4viUIDSuB4xfYYlp3Lpa,43ZHCT0cAZBISjO8DG9PnE,52,3
6zk4RKl6JFlgLCV4Z7DQ7N,Elvis,1956-10-19,0hBPeqE8QSHKUFTb8XigQ6,43ZHCT0cAZBISjO8DG9PnE,55,4
2OZeNj2ufBLYzKYYr1oRGP,Back To The Alley,1990-08-14,2SknHmwY6GiOv6aK7YRahd,2ibPkysx2PXqWLmxFD7jSg,38,2
4Cdvtu5XUmCKPwcnue11xS,Memorial Album (Expanded Edition),1953-03-01,0WwmFdGXe7Yky4T2J1oqLk,2dyeCWctcFRt3Pha76ONgb,57,1
1NVsMlJgD5GHf0CT1IewbU,For LP Fans Only,1959-01-23,6Xo08nQxxlOnbZntJc8ZV7,43ZHCT0cAZBISjO8DG9PnE,55,1
6RfgcwsOUlWkGNAd6zjjYd,Sweet Caroline,1969-06-06,62AuGbAkt8Ox2IrFFb8GKV,7mEIug7XUlQHikrFxjTWes,72,13
72uPVZB2T541kI9nT4khgC,Presenting Ike Turner,1958-12-17,4IiEsxrgzIMdqoN3dwxk6g,1ZikppG9dPedbIgMfnfx8k,36,2
0AL8t9Dy1L9nf1ZnBlLeLq,Rockin' With Danny And The Juniors (Expanded Edition),1983-01-01,4LcrHUkRmXG3c0YD5VYutn,6Ahm6X9wSKXitavOvu0XzY,52,6
0gv5aiVS1WBUZOKeb7YawE,Platinum - A Life In Music,1997-07-15,2hWKJO4c9L7kJmX4pBV6j8,43ZHCT0cAZBISjO8DG9PnE,70,13
21VQE8cleE2is06r3F6dQS,Flyin' Saucers Rock & Roll / I Want You Baby,1956-01-01,6oBF1cp6eqv0QVGJALCyk7,0a85EJEd3a9RGM9ops09rZ,28,1
213k6pbTGOHxlMpz5lb7zC,"Hello, Dolly! (Remastered)",1964-10-25,63kd4m3VFxcJjPVVtbVNAu,19eLuQmk9aCobbVDHc6eek,68,1
18VnWTsdEcofimkOHcWBAu,Good Golly!,1969-01-01,0ZvgXNstN4o2ZXPomtBYVp,4xls23Ye9WR9yy3yYMpAMm,58,6
4YrBBajZlnPm3MDaLm3kuh,Still Crazy,1979-01-01,3blZQACtFvG4fskP1s7sMs,1GpRTQRruGUoxhRYV0RtEv,22,1
5RDBugAE4cU2vbLZj0dvmf,The Call Of The Wildest (Expanded Edition),1957-01-01,4tmy6FB76bR5eLmx0zO1mn,52lBOxCxbJg0ttXEW9CQpW,61,7
6OHri5qNxwCdVSdyCslspd,Beggars Banquet (50th Anniversary Edition),1968-12-06,49ScE2M6RIqfeHnnP4v94B,22bE4uQ6baNwSHPVcDxLCe,70,2
6zk4RKl6JFlgLCV4Z7DQ7N,Elvis,1956-10-19,0apxGgBLcrpFqWVi1mDL5O,43ZHCT0cAZBISjO8DG9PnE,55,7
56dcDUhBf8fOnveET5B61r,Go Champs Go!,1958-01-01,4RFXxfEbWBPl0W9EDJrJ7s,3yt4IVDHz0luREG9Uf9xrp,47,1
0fxEk9XwCgc8ecfjlPtcg7,Muddy & The Wolf,1974-03-01,5Ow4ULCExmEjvgZ5lTSNnT,4y6J8jwRAwO4dssiSmN91R,22,1
2Y2oBBKe7dnNGJrf6HAGBc,The Essential Little Walter,1993-06-08,1mzIGcHiEagCiaLKb4YIvM,22JuR9OeENcP54XN5TlNWS,57,12
1pOaWNrABI8Jjp3GxNt5SQ,"The Art of the Piano, Vol. 6",2021-09-10,4weRyxAf8Wxb2KRuJkynmq,6dUZplQfg5blo0h9HiJ94d,10,8
04cIZyuIIPyatqgjinm3He,The Enja Heritage Collection: Confirmation,1982-01-01,2EY3kIJoQllMvd9Jp8intW,6dUZplQfg5blo0h9HiJ94d,31,5
74l3iTVn21XoY6VZJ0FpkH,After School Session,1957-05-01,1dwg7tCqzs616yYWj6NJ2i,293zczrfYafIItmnmM3coR,49,10
4qce3g6j5IGks63lY23eTD,From St. Louie To Frisco,1968-01-01,6H7OQEC6V2X0mB0ss3yrI8,293zczrfYafIItmnmM3coR,32,1
6eedtCtCjibu80yOhylSGL,Berry Is On Top,1959-07-01,6C7aTTCUWRK7dD379yUT3W,293zczrfYafIItmnmM3coR,72,9
1gx9zPpDsECgKU5TUc7PbR,San Francisco Dues,1971-01-01,32KddGW46wnlpKbl62gqca,293zczrfYafIItmnmM3coR,46,8
6zk4RKl6JFlgLCV4Z7DQ7N,Elvis,1956-10-19,3M3p4B9xCOFB4WRtqcz38F,43ZHCT0cAZBISjO8DG9PnE,55,8
6zk4RKl6JFlgLCV4Z7DQ7N,Elvis,1956-10-19,1RZljuJuHD23UrppF3GkpL,43ZHCT0cAZBISjO8DG9PnE,55,9
6zk4RKl6JFlgLCV4Z7DQ7N,Elvis,1956-10-19,2Ug05h8QiVOvCCG2EDfMun,43ZHCT0cAZBISjO8DG9PnE,55,3
6zk4RKl6JFlgLCV4Z7DQ7N,Elvis Presley,1956-03-23,5l4AZGLQCZJKEXcKzmJthD,43ZHCT0cAZBISjO8DG9PnE,62,6
6zk4RKl6JFlgLCV4Z7DQ7N,Elvis Presley,1956-03-23,6VqCe4PcokSekHPJQaDx0B,43ZHCT0cAZBISjO8DG9PnE,62,11
6zk4RKl6JFlgLCV4Z7DQ7N,Elvis Presley,1956-03-23,4zQLZPcTl8hJC5pJtooT3h,43ZHCT0cAZBISjO8DG9PnE,62,8
6zk4RKl6JFlgLCV4Z7DQ7N,Elvis Presley,1956-03-23,5AvKhhpwm0bsuuwOz9NI0Q,43ZHCT0cAZBISjO8DG9PnE,62,5
6zk4RKl6JFlgLCV4Z7DQ7N,Elvis Presley,1956-03-23,6ePcDDP1t0GHmIQSBd7FwY,43ZHCT0cAZBISjO8DG9PnE,62,7
6zk4RKl6JFlgLCV4Z7DQ7N,Elvis Presley,1956-03-23,7noWm4lKCBIiQThaIX5oEK,43ZHCT0cAZBISjO8DG9PnE,62,4
47pECKZZzoUQ2aug4zJLGv,Promised Land,1975-01-08,0SSKHTfyUmL8JUQtfpKcfB,43ZHCT0cAZBISjO8DG9PnE,54,1
1obc6uvzMsDUd6Q76MP1kI,A Boy From Tupelo: The Complete 1953-1955 Recordings,2017-07-28,5j8cflZIx0GwvlkzPImbtK,43ZHCT0cAZBISjO8DG9PnE,51,18
17EANLCoErHdo9FpzMx25q,François,2001-01-02,2d8D7uk3tbAThjRkdfrx9c,1yjAx9cww4f1QuAaN3dUI2,67,1
6euqAQ8Nl6axefUvo2oJMQ,Orinoco Flow (Sail Away),1988-10-15,3VObTAziCKm64udBqry9Ax,6uothxMWeLWIhsGeF7cyo4,43,1
6zk4RKl6JFlgLCV4Z7DQ7N,Elvis Presley,1956-03-23,47gmoUrZV3w20JAnQOZMcO,43ZHCT0cAZBISjO8DG9PnE,62,1
6zk4RKl6JFlgLCV4Z7DQ7N,Elvis Presley,1956-03-23,2aAYLg4QVTOBVsP72lAyzE,43ZHCT0cAZBISjO8DG9PnE,62,3
5rFRfDq52l2l5RtS5kxA9A,I Got Dem Ol' Kozmic Blues Again Mama!,1969-09-11,6Evy14WwFHLIJNxvBMnoX6,4NgfOZCL9Ml67xzM0xzIvC,61,3
2rogKfOpmCFuqNhtGKf2dX,Cheap Thrills,1968-08-12,5Z27tZEeC8WBiQvoDpx1Sw,4J69yWrKwWJgjv3DKTZcGo,65,2
5rFRfDq52l2l5RtS5kxA9A,I Got Dem Ol' Kozmic Blues Again Mama!,1969-09-11,7eYYxblNEZKKeTT0HBQbXO,4NgfOZCL9Ml67xzM0xzIvC,61,6
4W821NJLoB9uHHkAFNXXKu,Big Brother & The Holding Company,1967-01-01,6uwJgwm1ipdr7JKNfEjjV1,4J69yWrKwWJgjv3DKTZcGo,55,2
3j7nicLAWXM0Fb08q9XGyf,Pearl (Legacy Edition),1971-01-11,1IqFh00G2kvvMm8pRMpehA,4NgfOZCL9Ml67xzM0xzIvC,69,7
5rFRfDq52l2l5RtS5kxA9A,I Got Dem Ol' Kozmic Blues Again Mama!,1969-09-11,6tv6EVWMV7AIWi8PhZ0uvO,4NgfOZCL9Ml67xzM0xzIvC,61,7
3j7nicLAWXM0Fb08q9XGyf,Pearl (Legacy Edition),1971-01-11,101mZEbrIPeflaZfsj2PTi,4NgfOZCL9Ml67xzM0xzIvC,69,6
3j7nicLAWXM0Fb08q9XGyf,Pearl (Legacy Edition),1971-01-11,5NXI6TWg0mQRmbGPHzkoHk,4NgfOZCL9Ml67xzM0xzIvC,69,3
5z090LQztiqh13wYspQvKQ,Electric Ladyland,1968-10-25,2AxCeJ6PSsBYiTckM0HLY7,776Uo845nYHJpNaStv1Ds4,74,16
6wCttLq0ADzkPgtRnUihLV,A Hard Day's Night (Remastered),1964-07-10,5J2CHimS7dWYMImCHkEFaJ,3WrFJ7ztbogyGnTHbHJFl2,74,1
1WaEei1N5T6BU7uV86oXJR,I Cry By Night,2011-01-01,7loEq2SFFcBnDMZgwO6A4v,7rpf45DdbpweG51Acze45i,42,3
7rd4PorIOPjPTy7qdUeeCt,At Last!,1960-01-01,3QnHWkNMY2mpy494Bis0ly,0iOVhN3tnSvgDbcg25JoJb,77,6
6U60FpmscwzTJjc9gmZcKl,Ball n' Chain,1989-01-01,5Oc0vLGWdEWeCqIU8zyELt,6bR0cgMtkCVpm0I5yrDNzO,52,5
4NWqIjT0hua7Ezv91t389w,The Second Time Around,1961-01-01,5RC6D893kdyFTbbXq9G3qZ,0iOVhN3tnSvgDbcg25JoJb,55,2
2k5XYJN31jQz577blA1Xod,No Dice (Remastered 2010 / Deluxe Edition),1970-11-09,0JqDfzUZZi86BoZnx1MPQv,4pJCawaKSZ40EnxN0YEYw3,56,11
5DqktKLSuwx51XACoKu1Hg,Sings Raining In My Heart,1998-01-15,2lvBjTlia0x9GXfnZ3jbui,36hwOoNPgnsKnhoMBYpJrJ,51,6
1LaeNhiUpL3X6N0LcFvuDF,Little Queen,1977-05-14,4KfSdst7rW39C0sfhArdrz,4tX2TplrkIP4v05BNC903e,70,1
6oU298pdPTCQnMx1PYwyUA,Point Of Know Return (Expanded Edition),1977-01-01,6zeE5tKyr8Nu882DQhhSQI,2hl0xAkS2AIRAu23TVMBG1,74,7
0PMasrHdpaoIRuHuhHp72O,Born In The U.S.A.,1984-06-04,0dOg1ySSI7NkpAe89Zo0b9,3eqjTLE0HfPfh78zjh6TqT,82,1
7IxnFL0kaVSqs9iy9qSqPj,"Damn Right, I've Got The Blues",1991-01-01,2FtX5tOFUVOyjcGQiuGR8f,2gCsNOpiBaMNh20jQ5prf0,53,1
39zS4QvdYkdcoa7VzG7KHe,Mourning In The Morning,2005-02-08,4Gia17DzXBhYFbYiJj6SyW,1h0hOL3bVcYlg4xcSjU7fP,48,2
4IWaRuc8RGDetpOm5Bv4Ho,Two Bugs and a Roach,1990-01-01,6ECnAHxGQilDe32zQqfdz3,3Ev1WS21x5Jav9j214A19O,45,8
06pOxWHDhPhmyVGkWRqw4T,Crawfish Fiesta (Remastered with Bonus Track),1980-01-01,2r6Ve8kNEzqg3u45UL0muX,2RyY5yFlJh6jIPfMDhHgyD,43,1
1NgGj5ECcDELHjoQRX2P1l,Indianola Mississippi Seeds,1970-01-01,5x7Oxaa9EEIx9nw17CC5yW,3plJVWt88EqjvtuB4ZDRV3,53,7
6lPb7Eoon6QPbscWbMsk6a,Surrealistic Pillow,1967-01-01,4vpeKl0vMGdAXpZiQB2Dtd,2qFr8w5sWUITRlzZ9kZotF,71,10
1Usun6ssY8Yq6GqRKWsSFz,My Feeling For the Blues,1969-01-01,0RTjFVHvqjTdpX2NawwyXI,5dCuFngSPyOOnTAvrC7v2s,49,2
5OkHt7JZ6HSkJH359y2H31,Dreamer,1974-01-01,4qYHnP5AmKzXbJhciPV8si,48nwxUvPJZkm8uPa7xMzmj,60,1
52Lq2VmTrGltxp6XUl2hxS,O Melhor Dos Kussondulola - Cumué?,2004-07-19,1PaaWCtJ2VTbwFkC2JM5j0,2fL495wXbHl5EkigVW34vp,14,14
2XFiMY3Wyk2Aivel6sDyfc,Tá-Se Bem,1995-07-25,2TAw3S3uk93NBMiZAv2qH8,2fL495wXbHl5EkigVW34vp,28,2
0NufsuTuf3U0BY0p6jFdxV,"Meaty, Beaty, Big And Bouncy",1971-10-30,5orygsZ5Ga0jEOvftsXqw2,67ea9eGLXYMsO2eYQRui3w,51,7
5pCRW9AT4BgoMOS52pRoJq,Bayou Country (Expanded Edition),1969-01-05,587bVBCHYW5Q2VNRLig4AS,3IYUhFvPQItj6xySrBmZkd,73,1
1vhib5WLHRVdOpRjiTHk15,Stranger In Town,1978-05-05,5VbePtZp1at8gH990zVyTI,485uL27bPomh29R4JmQehQ,74,1
2hsMdQyMatj8wUABiwGgkN,There Goes the Neighborhood,1981-01-01,19P4fwkPhE6yVAXApFWDoF,5bDxAyJiTYBat1YnFJhvEK,52,5
5Mq5p94xQFYEnRetWkCP7l,In The City,1977-05-20,250dZY8xYbhHGQpM6bgL52,01hRNr3yF5bYnPq4wZ88iI,50,7
3EbtMJsHbspjhN6Xd4plIu,Apostrophe('),1974-03-22,6pqWrRF9K2PHpBmmRSIte4,6ra4GIOgCZQZMOaUECftGN,56,5
2ULhVPvdhT7RREnqRWM06G,Sunshine Superman,1966-09-01,4RGxUjaCmVtD30pIhtEi7w,6vLlQYujOujIrm7zAKzEdG,58,1
6xU8hHhpGaDmFdOVEGRzpY,The Best Of Muddy Waters,1957-04-02,7FDFtgdyzlBN0tUo3boGZe,4y6J8jwRAwO4dssiSmN91R,42,12
3cx4CSrzwft7UVlsoZxbTZ,A Man And The Blues,1968-01-01,63MynbvINbRgvE2HupTJgF,2gCsNOpiBaMNh20jQ5prf0,43,7
6v5IVMmY1IvWtbfnQoiFSf,Strange Days,1967-09-25,6NrDlcZd8UusKh5qyqELGF,22WZ7M8sxp5THdruNY3gXt,73,2
0qZTwrunzX3LG45PvRghmh,Waiting for the Sun,1968-07-03,5FlBGGwGuqYmqr0qeBWrxe,22WZ7M8sxp5THdruNY3gXt,65,11
7IKUTIc9UWuVngyGPtqNHS,L.A. Woman,1971-04-19,4NpxfFElS8EyrAUdNupEOy,22WZ7M8sxp5THdruNY3gXt,72,9
7IKUTIc9UWuVngyGPtqNHS,L.A. Woman,1971-04-19,1E7qCptwRPfvZrIDyDDgjh,22WZ7M8sxp5THdruNY3gXt,72,3
5zJ5Hz4a5OACoowuL3x86m,L.A. Woman (50th Anniversary Deluxe Edition),2021-12-03,0I060wAAVjhFv28hJ5rpGZ,22WZ7M8sxp5THdruNY3gXt,45,3
6AFLOkpJjFF652jevcSOZX,Morrison Hotel,1970-02-09,1Q5kgpp4pmyGqPwNBzkSrw,22WZ7M8sxp5THdruNY3gXt,71,1
7IKUTIc9UWuVngyGPtqNHS,L.A. Woman,1971-04-19,3MFFDRC4wTN9JNGtzXsZlN,22WZ7M8sxp5THdruNY3gXt,72,2
7IKUTIc9UWuVngyGPtqNHS,L.A. Woman,1971-04-19,14XWXWv5FoCbFzLksawpEe,22WZ7M8sxp5THdruNY3gXt,72,10
1TOvW3icPZmigoT9CrRav5,A Question Of Balance,1970-08-07,1NeQzAqahRYI09bgLbhVFN,5BcZ22XONcRoLhTbZRuME1,52,9
4xwx0x7k6c5VuThz5qVqmV,The Velvet Underground & Nico 45th Anniversary,1967-03-12,3PG7BAJG9WkmNOJOlc4uAo,1nJvji2KIlWSseXRSlNYsC,70,3
3m2VRFXdCnyiTql8tcZ7Ov,"The ""Angry"" Young Them! (feat. Van Morrison)",1965-06-11,0bjW2xJbv5yMUZbesjExos,0FZcPgWI3BsFQl4rOAGSHT,41,7
182PeD4zms8Cup3oZcACOB,The Chess Box,1989-11-07,7Ak1aR9cK5b4yKHdhIhNVq,4y6J8jwRAwO4dssiSmN91R,56,3
0BgWlAKJAn8VQKRKIdx9ul,Absolutely Live,1970-07-20,26ZF6lHwjmb9Peq8jdbKUi,22WZ7M8sxp5THdruNY3gXt,42,10
1BuSpq4sdqKEm7Xz9FOJ9c,Shot To Hell,2006-09-12,3UkIDJbMn1zWRI0ttkhUB4,0zfT626RwO6zN3RDYeRit5,41,11
5TGwdCOJzrpqTEFu7Uojkn,The Wonderful World Of Antonio Carlos Jobim,1965-01-01,28PORYgAQ5vrbwtobRlCoq,3pO5VjZ4wOHCMBXOvbMISG,50,6
3SE9n6EaVOJ81KA1KPLUWS,Elis & Tom,1974-06-17,0PHGV9pWYv91WCeCXhdWye,0yFvXd36g5sNKYDi0Kkvl8,68,5
1JDkIxq4xRW7ySH89sGflc,Jazz Samba Encore!,1963-01-01,5je0CDv1Z1hT82Nek1Fjhl,0FMucZsEnCxs5pqBjHjIc8,61,2
1wr53NXlBQEVIJ8UTwzdbh,I Forgot / Falling (With Rodrigo Amarante),2019-11-13,5Uy2VG17h0IviBCRkvaOmU,2Kx7MNY7cI1ENniW7vT30N,23,2
6KSeu8f8XlgtsfA9nrkygw,Cavalo,2014-05-05,2eeAWekw4VfqvABx96q40R,0UOrkpzPED604dKzxgfJqg,0,5
6KSeu8f8XlgtsfA9nrkygw,Cavalo,2014-05-05,1wy0VLQFdSZxhYDWuANvp0,0UOrkpzPED604dKzxgfJqg,0,4
3NRTc5qEBAqOt3dKPFkmnu,Tuyo (Narcos Theme) [Extended Version] [A Netflix Original Series Soundtrack],2018-11-16,6g2BiiVQqY5v1S4HIrM54F,0UOrkpzPED604dKzxgfJqg,60,1
3OBhnTLrvkoEEETjFA3Qfk,"HIStory - PAST, PRESENT AND FUTURE - BOOK I",1995-06-16,4GCGH6TJ69neckwITeBFXK,3fMbdgg4jU18AjLCKBhRSm,77,5
5QB4Ykf95muHSKHmc4oOL3,The Essential Toto,2014-06-23,4aVuWgvD0X63hcOCnZtNFA,0PFtn5NtBbbUNbU9EAmIWF,50,4
1pyIYnwE5fvCUOofffwZm0,Post Pop Depression,2016-03-18,1p0P2eieaxzqeBov2oP1VQ,33EUXrFKGjpUSGacqEHhU4,40,2
4j1zp01LTkV9kNWAuKU45c,Blah-Blah-Blah,1986-10-27,6ZAwEE4kTdtvyE66iRhFxR,33EUXrFKGjpUSGacqEHhU4,56,1
5ywynDHLHT3l8QSu41TcmC,Wolfmother,2005-01-01,3CkjLJYnnyOtGk4Jx4iYS4,3yEnArbNHyTCwMRvD9SBy4,61,2
03zfU3IwWmymKoaWnwFNaY,Tumbleweed Connection,1970-10-30,5p9MpS0JdzVfbdJuHwhvqI,3PhoLpVuITZKcymswpck5b,49,3
2FZNWUmgRoP8uJZBaHJdfj,Rebel Yell,1983-11-01,0pUVeEgZuNyFzIMKp67RbS,7lzordPuZEXxwt9aoVZYmG,76,3
57CRKZHQeriexCg9awC6dI,É Assim...,2002-01-01,3ftiFrrCfIUljSWeZ9lRMd,2JDzHpbTcm5cu8Ne2SDYo4,34,2
57CRKZHQeriexCg9awC6dI,É Assim...,2002-01-01,5WJgfYgFYGBdsXCixolcXa,2JDzHpbTcm5cu8Ne2SDYo4,34,7
0255H77c6yUoTqf7aBReHQ,Lambe-Botas,2006-05-16,3qaWD3zvihT2d9EiGGljuE,2JDzHpbTcm5cu8Ne2SDYo4,30,3
1Ac5EdiBoPxzyDwpfKC6R2,Luto,2015-06-22,2SDy7OQObjg2u2oSQmkvtp,2JDzHpbTcm5cu8Ne2SDYo4,26,9
42L0285NmWnp6lF0Tf6uyw,The Sky's Gone Out,1982-01-01,6Q9kdCHXpAef5YbKXKeG9M,5N5tQ9Dx1h8Od7aRmGj7Fi,54,9
42L0285NmWnp6lF0Tf6uyw,The Sky's Gone Out,1982-01-01,2wBKNmYONrCxgmHc2HhQ8C,5N5tQ9Dx1h8Od7aRmGj7Fi,54,11
0TBmLh3U5sk1F8eF0twjwi,Canned Heat,1967-01-01,3xvCFEGjWycuWkgtvnLOI8,27a0GiCba9K9lnkKidroFU,48,2
3cpNHI7xhNIosF9WjSk8Zh,Naturally,1972-01-01,55ROr3cl3yi4YRBgfpDy1d,06nsZ3qSOYZ2hPVIMcr1IN,68,2
5SqbMEyAt8332ISGiLX0St,Transformer,1972-12-01,4A48NL57P16zSRaq3yoYry,42TFhl7WlMRXiNqzSrnzPL,72,1
2lOll0xAGw8FPjwmwopAKT,McCartney (Archive Collection),1970-04-17,7zE7VClzAEYa9nUDC950pT,4STHEaNw4mPZ2tzheohgXB,64,4
5U4dnRZsfW8NmwBBkELFPh,Exile On Main Street (2010 Re-Mastered),1972-05-12,5fXRPS1tp70DbqsBZVyG4e,22bE4uQ6baNwSHPVcDxLCe,65,10
5U4dnRZsfW8NmwBBkELFPh,Exile On Main Street (2010 Re-Mastered),1972-05-12,2u63axjx9VKmFfQNqmpi8a,22bE4uQ6baNwSHPVcDxLCe,65,14
5U4dnRZsfW8NmwBBkELFPh,Exile On Main Street (2010 Re-Mastered),1972-05-12,34OzAaQeAWlFnZBSyUAtRh,22bE4uQ6baNwSHPVcDxLCe,65,9
5U4dnRZsfW8NmwBBkELFPh,Exile On Main Street (2010 Re-Mastered),1972-05-12,4hq0S6wznq7SHDyMOFXL9i,22bE4uQ6baNwSHPVcDxLCe,65,5
5U4dnRZsfW8NmwBBkELFPh,Exile On Main Street (2010 Re-Mastered),1972-05-12,0SojSZcka4j8l8Sl0W9jUZ,22bE4uQ6baNwSHPVcDxLCe,65,2
2SMBIc9VqCmLvWAd9srlSx,The Best of The Kingsmen,2006-01-31,0iA3xXSkSCiJywKyo1UKjQ,2iIn8H3l2NNBNHFpYKWbfo,59,1
6QokLIPpN1S9jylLQd6XMG,Memorial Collection,2009-02-10,7oil08uGIhvyGm6rOWRYAd,3wYyutjgII8LJVVOLrGI0D,37,8
4Qy0SOU9Jg7Td10K68SanP,Buddy Holly,1958-01-01,2OARIMw1hpehr86Iwmv04c,3wYyutjgII8LJVVOLrGI0D,65,2
0VPad241NfcHMOXcRcLrDe,Dr. Feelgood (Deluxe Version),1989-09-01,0sSUf59FSVsRZDfSZDNcEj,0cc6vw3VN8YlIcvr1v7tBL,57,3
0VPad241NfcHMOXcRcLrDe,Dr. Feelgood (Deluxe Version),1989-09-01,2t8hAwOuHbNOl76LBWMU0R,0cc6vw3VN8YlIcvr1v7tBL,57,6
0VPad241NfcHMOXcRcLrDe,Dr. Feelgood (Deluxe Version),1989-09-01,2cK3p7n7THxcEgzKGZfsuQ,0cc6vw3VN8YlIcvr1v7tBL,57,9
0VPad241NfcHMOXcRcLrDe,Dr. Feelgood (Deluxe Version),1989-09-01,4NUIdHd04RIUdTmwNVBw5I,0cc6vw3VN8YlIcvr1v7tBL,57,7
3ziMIeeKCSIIwoIeTEp79L,Mötley Crüe,1994-03-15,4x2Bo5tiMo9lOOmti4YAvN,0cc6vw3VN8YlIcvr1v7tBL,27,4
0VPad241NfcHMOXcRcLrDe,Dr. Feelgood (Deluxe Version),1989-09-01,35Aj3CGTmWkjGr4bjYmkk5,0cc6vw3VN8YlIcvr1v7tBL,57,2
3jb80uITBoKioTLmu8cqaC,The House Of Blue Light,1987-01-01,1p2rdOyJKHLuqJR9S3uevx,568ZhdwyaiCyOGJRtNYhWf,38,6
1FOmatanDRxS9EGcxjXKuO,Perfect Strangers,1984-09-16,07W9HcJyjXPnKQSMbUcWZU,568ZhdwyaiCyOGJRtNYhWf,61,7
1EFOYsAkyfwLkS5OPfobak,All Things Must Pass (50th Anniversary/Super Deluxe),2021-08-06,5DVKAQZ0Z8Nct8CW8t52wd,7FIoB5PHdrMZVC3q2HE5MS,0,2
5yrouz3mmUWSsCufl1tLUJ,Still Got The Blues,1990-01-01,0DnGfA1r8pAssJCuq4ojla,23wr9RJZg0PmYvVFyNkQ4j,62,4
1zCNrbPpz5OLSr6mSpPdKm,Greatest Hits,2009-11-03,3QmesrvdbPjwf7i40nht1D,7jy3rLJdDQY21OgRLCZ9sD,71,16
5QZw2ZyC5WU7qeF3SUaY0X,Ancina,2022-03-25,3SHST04hhfRBD6QSPPeYRg,3JKriihz86XXWpMSRVimNp,8,1
10gZyaNfOYTkxZPsfcbOLv,Springtime Serenade (Piano Version),2020-01-17,4sDMgmdCGm0pnYb7NGuRAs,6zFYqv1mOsgBRQbae3JJ9e,30,1
24NqcoszSUCGITliEqTsti,Sunset Stroll (Piano Version),2019-10-24,5LlABQk597k6FT04t0gAJu,6zFYqv1mOsgBRQbae3JJ9e,30,1
4EsuGhEEaJJ6frGo2co7cS,Mellow Out,2020-03-10,5nXFVrNi5gAVIZEJWtmlRv,6zFYqv1mOsgBRQbae3JJ9e,25,1
0RxgJ8N6whSaaidGO5ES9E,Quiet Sunday,2021-05-24,5OBt4jxqFW3pBCCUo2v4wI,6zFYqv1mOsgBRQbae3JJ9e,19,1
5kKsmiV8j4o8qXIw8UtjeA,Mountain Mist,2021-01-01,5LBLiai59ztwzxaWbS74kh,3jvyO2jDkfBe2vuI6euFny,19,1
7oIftk0P8cViwNpNEdCYl2,Creedence Clearwater Revival (Expanded Edition),1968-07-05,5k9fH8zWL4WYkQWGpIy21B,3IYUhFvPQItj6xySrBmZkd,62,7
31q47gQszFt0CddSyMksgO,Willy And The Poor Boys (Expanded Edition),1969-11-02,2gE95JskwQ1pCACTpGe1Db,3IYUhFvPQItj6xySrBmZkd,82,1
2FZNWUmgRoP8uJZBaHJdfj,Rebel Yell,1983-11-01,4TIJ7zSBNejpoIPaWpWRKc,7lzordPuZEXxwt9aoVZYmG,76,1
5k34rAvlw3WV7Kh6dAZnxG,Kiss,1974-02-18,0UCg6lnG2MXpuEpf8Pk1MV,07XSN3sPlIlB2L2XNcTwJw,61,1
1xlTRhgWQSEvu9DPHVn8uJ,Down To Earth,1979-01-01,6xq5DxZWGgdStAxGAil0yw,4hz8tIajF2INpgM0qzPJz2,64,5
6jXNB46aXlL2oWY03GtFHy,Shades Of A Blue Orphanage (Deluxe),1972-01-01,2uLx3Gka9TGCz9Zgu7Uwav,6biWAmrHyiMkX49LkycGqQ,54,10
1ydlm89JR8cV8VuSaNvHNL,Fire And Water,1970-06-26,1gcESexgftSuLuML57Y69q,4596e2d3KmYzAeVenjCxfj,65,7
7DdEbYFPKTZ8KB4z6L4UnQ,Van Halen (Remastered),1978-02-10,0upLyFR8Rr52ZpMp5esQoq,2cnMpRsOVqtPMfq7YiFE6K,74,3
4XGIy3KPZ0zjl5dhhvQtFQ,Fighting,1975-01-01,09xbhnZy04ek1kpq3SgHYi,6biWAmrHyiMkX49LkycGqQ,47,1
4FA68GsblSfvKZZRfM1tI1,Dynasty,1979-03-23,1HBDWCrQVjrALiOA5rILnE,07XSN3sPlIlB2L2XNcTwJw,77,3
3JyYXOBRAuc3XFQxFxrEcM,Days Of Future Passed (Deluxe Version),1967-11-10,6L5BZEcZmD6RBJnimzlyKr,5BcZ22XONcRoLhTbZRuME1,62,16
3KzAvEXcqJKBF97HrXwlgf,Please Please Me (Remastered),1963-03-22,3KiexfmhxHvG5IgAElmTkd,3WrFJ7ztbogyGnTHbHJFl2,77,1
4vqaqoTEbNyeeSHJA6KpdM,Here Are the Sonics,1965-01-01,2uXkW8uJcOIhlbUatEPLPs,2g3PKH7Z1Ofn5oGR6oDjLy,52,6
7Mccdl5xR9mfqo00lgDVDA,Psychotic Reaction,1966-01-01,5JcaA4A9ZoXthwEnxOxWvP,57WXdjUf5Vlq3klNZegeTP,50,6
23x8Ucc6W7wRgytoiVP9yw,Hit Single Anthology,1991-01-01,7jGzYUZ2Bgg8BDfYlQRfn8,57xdnSVt4ahJCIXYLieQ25,0,1
2aGFVLz0oQPa3uxCfq9lcU,Green Onions,1962-01-01,4fQMGlCawbTkH9yPPZ49kP,2vDV0T8sxx2ENnKXds75e5,65,1
6YabPKtZAjxwyWbuO9p4ZD,Highway 61 Revisited,1965-08-30,3AhXZa8sUQht0UEdBJgpGc,74ASZWbe4lXaubB36ztrGX,65,1
64q58AfjSrrX9Egp7Zryw8,Steppenwolf,1968-01-01,3lN8PP6R2IxbLP05QpYXng,1WRM9i067hd2ujxxi8FI3m,63,5
3I8Dj6DKFx982tQKLfYdt9,In My Lifetime,1996-10-29,7waQASGjvaRBw6jyX3gVZ0,7mEIug7XUlQHikrFxjTWes,0,25
30ly6F6Xl0TKmyBCU50Khv,The Colour And The Shape,1997-05-20,5UWwZ5lm5PKu6eKsHAGxOk,7jy3rLJdDQY21OgRLCZ9sD,82,11
44tcGfOAI8iZc1U5BAgLkT,Face to Face (Deluxe),1966-10-28,09Plbz3Ja2gxU9xCsqA5KY,1SQRv42e4PjEYfPhS0Tk9E,42,13
09rvbOvN7ToOXX0CNlCJYF,Needles & Pins,1964-01-01,0zABw1PtGYHsU4VDpDZsra,4QmkLL9JOqM9dusHS1Hghe,31,1
7eg8HfRw9SIlcF78gse2i3,Kinda Kinks (Deluxe),1965-03-05,4fn4imVYZcfM5s4cSCDRTm,1SQRv42e4PjEYfPhS0Tk9E,42,21
6ITR4bqkKZGyanAlQgXtyK,St. Louis To Liverpool,1964-11-01,3qt3ybU6MScMxMKL2TYBvt,293zczrfYafIItmnmM3coR,70,3
6Ef4yClroC8pMGktYOUd5n,Hearts,1975-01-01,5VSAonaAPhhGn0G7hMYwWK,3vAaWhdBR38Q02ohXqaNHT,66,10
1vANZV20H5B4Fk6yf7Ot9a,Beatles For Sale (Remastered),1964-12-04,1Dg4dFJr3HW7sbA7vPejre,3WrFJ7ztbogyGnTHbHJFl2,67,8
5JKuLMmQiGphE92NWiXTxD,Surfers' Pajama Party (US Release),2005-02-08,5Hn7uZqDarw5VTNX1XluV3,7CkD6EhsfLIn8UMhw9QsPf,49,1
0LMJo3p9QqRjaap3qvlTY6,Come A Little Bit Closer,1964-11-17,252YuUdUaC5OojaBU0H1CP,0DAqhikcMKLo2lPADVz2fs,53,1
3eFHSj92hUa4efE4f4I3qY,Anthology 1970-1974,1994-10-18,0wva7TtE4QUkKtnMHP9BpT,7kplJl06UmldxLKseURAYi,53,2
2ny1rPsLOoKNFZhMLubMrs,Loaded: Re-Loaded 45th Anniversary Edition,1970-01-01,1o6DclZHw0HomxXEQR1ijX,1nJvji2KIlWSseXRSlNYsC,61,3
2lOll0xAGw8FPjwmwopAKT,McCartney (Archive Collection),1970-04-17,1Qa0Y05al633fG8f9Peytc,4STHEaNw4mPZ2tzheohgXB,64,12
2k5XYJN31jQz577blA1Xod,No Dice (Remastered 2010 / Deluxe Edition),1970-11-09,0zK545STj6P7qbFSpCK9pp,4pJCawaKSZ40EnxN0YEYw3,56,5
0jTGHV5xqHPvEcwL8f6YU5,Let It Be (Remastered),1970-05-08,4MLBqAEzNN89o2M9h92Z26,3WrFJ7ztbogyGnTHbHJFl2,77,12
21swqoPE6wszY0IC8sJEYs,Eric Clapton,1970-08-01,27mdmXNcO0gNpXlrWi9DPZ,6PAt558ZEZl0DmdXlnjMgD,46,4
21swqoPE6wszY0IC8sJEYs,Eric Clapton,1970-08-01,7DiaNCPgH5dJ1cJ925jTAA,6PAt558ZEZl0DmdXlnjMgD,45,11
0JwHz5SSvpYWuuCNbtYZoV,Bridge Over Troubled Water,1970-01-26,76TZCvJ8GitQ2FA1q5dKu0,70cRZdQywnSFp9pnc2WTCE,76,6
6yNYC35npMBHbxG0Vle83O,Moondance (Expanded Edition),1970-02-01,3lh3iiiJeiBXHSZw6u0kh6,44NX2ffIYHr6D4n7RaZF7A,64,5
2UDDZVesmQwA4aYfa55diS,American Beauty (2013 Remaster),1970-06-01,2EB1aFLWC4uIfld5Z3Yj1z,4TMHGUX5WI7OOm53PqSDAT,61,3
7CZCDYdgJPRzRAHk91SJGh,Future Blues (Expanded Edition),1970-08-03,1dqv2UXPuIorspg0F9gV04,27a0GiCba9K9lnkKidroFU,52,6
6AFLOkpJjFF652jevcSOZX,Morrison Hotel,1970-02-09,5piJiL6aRhvrKBa9YuEfS9,22WZ7M8sxp5THdruNY3gXt,71,4
5iIWnMgvSM8uEBwXKsPcXM,Layla And Other Assorted Love Songs (Remastered 2010),1970-11-01,2kkvB3RNRzwjFdGhaUA0tz,2rc78XDH9zuJP6bm78lU8Z,70,13
4yY8NL5zw83iBAvqVuUAL4,Swings Both Ways (Deluxe),2013-11-18,5fZaORfoLqj4fIRqbHA9Bz,2HcwFjNelS49kFbfvMxQYw,59,6
14cUCy4aMykhZbIFTw7dtW,Intensive Care,2005-01-01,7MTdv6v3vsmQcVfh7eIaks,2HcwFjNelS49kFbfvMxQYw,60,2
6pXwZ3QYQOcP3mNVN1F6CB,Beyond The Sea,2001-01-01,0zaAUrSvMYrBGcLcmWKcxy,2HcwFjNelS49kFbfvMxQYw,47,1
4QyE2i0y4nyxHsiwm6VK9V,Escapology,2002-01-01,6xwsfXjIXJgJjumbxdJiLi,2HcwFjNelS49kFbfvMxQYw,73,5
0fpjbJvjq6Zxj8xoIjX31m,Sing When You're Winning,2000-01-01,7dJPdkMEbbzv0ICpBodzm6,2HcwFjNelS49kFbfvMxQYw,69,1
4yY8NL5zw83iBAvqVuUAL4,Swings Both Ways (Deluxe),2013-11-18,3cqYpFsUg6JvMwxmJWFAcR,2HcwFjNelS49kFbfvMxQYw,59,10
14cUCy4aMykhZbIFTw7dtW,Intensive Care,2005-01-01,3EY1sjf2Xq86pQN0L4hEnU,2HcwFjNelS49kFbfvMxQYw,60,5
4QyE2i0y4nyxHsiwm6VK9V,Escapology,2002-01-01,6mZCiuIXcA12syIS23Dyxa,2HcwFjNelS49kFbfvMxQYw,73,9
08W4d8uMIQvJg0nlwR1rBN,Dusty... Definitely,1968-11-22,4RYwE31p4KflK1h7J7m1Yt,5zaXYwewAXedKNCff45U5l,68,16
0NUEQILaBzavnzcMEs4buZ,The Very Best of Frankie Valli & The 4 Seasons,2003-01-14,0bfvHnWWOeU1U5XeKyVLbW,6mcrZQmgzFGRWf7C0SObou,68,15
0XuV6U9ee6UB1faItAbEic,Playboy,1962-01-01,3s2inuLbQQZ7z1GJrdlQr6,0MponVSpW81oLvJZ53vYZH,47,6
1kKPH6oqlh9iPP3uAQhb68,This Is My Country,1968-01-01,7ppPgpUdNPbHhuqYwN2SXu,1b1N51wmSK0ckxFAMPSSHO,43,9
5GucSY3249qHDx4v1Hcxry,The Ultimate Bee Gees,2009-11-03,07PIhdmyYIw8dMeDMsx9FU,1LZEQNv7sE11VDY3SdxQeN,0,3
2WcVleVG28RWzWLDLZnVgp,Spanish Harlem,1961-01-01,3UCmuRdeTriWgOZMEJsfqZ,3plJVWt88EqjvtuB4ZDRV3,54,12
1kYeM6oy6I8tK7668jM7Hw,How Sweet It Is To Be Loved By You,1965-01-01,2zF8ro2hX0aEYaqXQdEKW1,3koiLjNrgRTNbOwViDipeA,0,2
2PHrZGSFqrXwJ4RM5svp4T,For Your Precious Love...,1963-01-01,4HiOvJ1lASRijDaaqtZQ9N,1b1N51wmSK0ckxFAMPSSHO,39,1
5txtL5NwxbzS5ENtNEWGpS,Sings Lonely and Blue,1961-01-01,0PkBTqRtN25z3oKasWoKlj,0JDkhL4rjiPNEp92jAgJnS,60,1
1MB4UsW8MUMLMRxuNsXpDm,Down To Earth,1966-11-01,0tURbnatc9qCxlYpXuPK8I,7guDJrEfX3qb6FEbdPA5qi,49,1
45tweuKI0zdh8zgKo05cTw,The Temptations Sing Smokey,1965-01-01,745H5CctFr12Mo7cqa1BMH,3RwQ26hR2tJtA8F9p2n7jG,0,3
4lmdDGcU5u1xk3GCcVJSYT,The Very Best of The Everly Brothers,1964-08-01,7dblNGnRXEBrVJunazs2U5,4ACplpEqD6JIVgKrafauzs,63,8
3AGszO88qhYdEvhs6pjsHW,The Definitive Collection,2008-01-01,6QyQmdvQ1ywNccYa0pwLNQ,6TKOZZDd5uV5KnyC5G4MUt,47,7
7rd4PorIOPjPTy7qdUeeCt,At Last!,1960-01-01,5Zu9mG353GB3p26t7M5AmR,0iOVhN3tnSvgDbcg25JoJb,77,3
15QRC2FhT659a5YJIS0Nff,"Green, Green Grass Of Home",1967-03-01,5BFWQXNGPYadZxNKxY1UfU,1T0wRBO0CK0vK8ouUMqEl5,58,7
7rd4PorIOPjPTy7qdUeeCt,At Last!,1960-01-01,7Ca3Zb8wejNYCoei3tlJ9e,0iOVhN3tnSvgDbcg25JoJb,77,8
3GykoJmCI2qmvrgi8zQ7XW,Erma Franklin: Piece Of Her Heart - The Epic And Shout Years,2009-02-18,2GbePPrWWSRxcmW6QRSPae,1CzJJJb6hnx84VNhgaJmFG,51,3
2ijZDafBX3xtZSGUkxccZ6,The Complete Dinah Washington On Mercury Vol. 2 (1950-1952),1987-01-01,1c7ELD4W6VyoKTglc4zzUH,32LHRiof0sa4taYew9i3Fa,48,9
4jiO2jRz7g50ESvYYKsKwZ,30 Greatest Hits: Portrait of a Legend 1951-1964,2003-06-17,5Iev69m1Jnf7oc79VvPjpd,6hnWRPzGGKiapVX1UCdEAC,57,12
1RLfn8e4cQvC0WsYJM6rh2,Moon River And Other Great Movie Themes,1962-01-01,24AIahNHzBxm9S12peXbnG,4sj6D0zlMOl25nprDJBiU9,58,7
53Z6bXyBJ7tlRtMettF6Uq,The Very Best of the Fleetwoods,2011-01-04,2owX09XMfbzBCVLUfJiGqJ,673J686eeEXMYJorgQ70lX,25,56
2CqXO4zgYnv1KwiFiDAw1u,Giant,1969-01-01,6NDg4EyQE5lalcCEEpytsM,3wYyutjgII8LJVVOLrGI0D,48,7
6k1CVP7aiwq2KAcouCW70z,Emotions,1961-04-03,60jQTAr2OkFcV4SWSRz3st,4cPHsZM98sKzmV26wlwD2W,61,1
4qK4QZUSp8QdoMEm9mrzyA,The Best Of Bobby Vinton,1962-01-01,4QelFzhVgLomeQhvKrwM1S,6bOYtKnpLPQSfMpS2ilotK,57,4
18Fj7coTfyMi7mEPXIweN7,Don't Play That Song (Mono),1962-08-20,3SdTKo2uVsxFblQjpScoHy,3plJVWt88EqjvtuB4ZDRV3,73,7
56dVr48fkRjXXHKE2dG6ya,Feelin' Good,1969-01-01,4BaAOHT6nF3F8oV7n8OvD1,3FZn8Z2B7mfaSOU8NE62KR,34,2
2NT1Pc0MXlXORHLBkHyKQW,Going To A Go-Go,1965-11-01,3nsJGZ5RV2ZHkbKvD771gU,6TKOZZDd5uV5KnyC5G4MUt,63,3
03HMOcANauhLD0WNrMkmLU,The Dock of the Bay,1968-02-23,3zBhihYUHBmGd2bcQIobrF,60df5JBRRPcnSpsIMxxwQm,56,1
76oMr4Y2pOtcrvZLc2ZikF,If You Can Believe Your Eyes And Ears,1966-03-01,4s6LhHAV5SEsOV0lC2tjvJ,1bs7HoMkSyQwcobCpE9KpN,48,7
0PT5m6hwPRrpBwIHVnvbFX,Help! (Remastered),1965-08-06,3BQHpFgAp4l80e1XslIjNI,3WrFJ7ztbogyGnTHbHJFl2,0,13
7AgI5vniflcbh86Znea7yM,Under the Boardwalk,1964-06-01,65jrjEhWfAvysKfnojk1i0,1FqqOl9itIUpXr4jZPIVoT,64,2
1A2zO189mFlfZhw9onxTXm,A Whiter Shade Of Pale,1967-05-12,7DsQgIwg23u9gooCxkRTu3,0GbqW5TJr7n4is453VOY4C,0,1
6SNMenG3NjZyqgI5p4Hcmg,Dusty In Memphis,1969-03-31,7odHgoLFi3GQ90E9PeraI3,5zaXYwewAXedKNCff45U5l,72,12
0lj5tDBUt1i1b1Llobu23M,When a Man Loves a Woman,1966-01-01,51FpzuGkRYXFgsE2zXt9av,3rRmDmzPcAFwcUDvG5gBqO,64,1
08mPxuP35Db56jUUgRvGFs,The Letter/Neon Rainbow,1967-01-01,6RJK553YhstRzyKA4mug09,3KGQvnOoqUHi3KxKQMZtXr,65,1
47VjIh8rgyMJJHNR98w0Kw,The Very Best Of The Beach Boys: Sounds Of Summer,2003-01-01,0wz1LjDb9ZNEYwOmDJ3Q4b,3oDbviiivRWhXwIE8hxkVV,66,4
2CFyEkeALqX3vTLIJ9ohvN,Harlequin Dream,2013-10-29,0RrPNhHIC7WkLR88xDVKJa,2NqgE99Ll5vOTvmbN7O2R6,0,1
0ETFjACtuP2ADo6LFhL6HN,Abbey Road (Remastered),1969-09-26,6dGnYIeXmHdcikdzNNDMm2,3WrFJ7ztbogyGnTHbHJFl2,84,7
7w0uQiYScm3ApS8cWXmf4c,Riding with the King,2000-06-13,6lWxIJH0CyUtmFaIAeVmTQ,6PAt558ZEZl0DmdXlnjMgD,1,5
4bSvzPMgzwvfqHAbcWG88o,Blues Breakers,1966-06-22,1WDQZWL7W9tQRCZGcrl3Lg,2ScuQMRWThcifBRIvNDFDC,52,15
7w0uQiYScm3ApS8cWXmf4c,Riding with the King,2000-06-13,0U6wNkZaQUTBrCLbhbbRgS,6PAt558ZEZl0DmdXlnjMgD,1,1
3gpHiNAmT5oXVxe6ewTGuN,Elvis (Fool),1973-07-16,1B5Tp2Ml9nLlmTSJx8xVfI,43ZHCT0cAZBISjO8DG9PnE,73,14
3ekkFrfotMsEAKc5g71GHk,From Elvis in Memphis,1969-06-17,1H5IfYyIIAlgDX8zguUzns,43ZHCT0cAZBISjO8DG9PnE,71,13
6anBFHbt3PaNwDKWbsVkzG,The Reprise Years,2013-11-19,5I9sHwLDX28tLtzVgKLtpr,49e4v89VmlDcFCMyDv9wQ9,53,1
2iKiVmx8ohPDn1hJmxC9tD,Currency Of Man,2015-06-01,7sKHpszyRFBIAT378e6Tkr,2P1puQXmG48EVLBrHbum1J,57,2
79w9uA3pxrf1f7FyXMjAjC,A Retrospective,2011-01-01,1sKpay0q1lsH8RgafNzdI1,6KyUat70qaniuiZq63HzFZ,0,11
0eKvD3UqC5znwmHYPY2390,The Collection,2014-05-09,4ydtQJImyQg6UDFFZBzgxp,32LHRiof0sa4taYew9i3Fa,0,1
0cw6Sv7IwZ87aLPPvNPSd0,Ray Charles,2011-09-20,6yMGxqKj0218mFR5KqsMRq,1eYhYunlNJlDoQhtYBvPsi,43,2
6mmv0gwumlFGWDGJXF4yEv,What A Wonderful World,1968-01-01,29U7stRjqHU6rMiS8BfaI9,19eLuQmk9aCobbVDHc6eek,2,1
7lEOKZaOpqP70UYqdLPejG,Lady Soul (With Bonus Selections),1968-01-22,5K09WxKdlkroDyEVyOSySy,7nwUJBm0HE4ZxD3f5cy5ok,68,5
2uqlkJu6vckJahCsp6Hfcn,The Complete Ella And Louis On Verve,1997-05-20,2U3ENhffoGzWcoYoR0U4Lm,5V0MlUE1Bft0mbLlND7FJz,62,4
2IprkgzKIhqabHX5NnyAMD,"Music, Movies & Memories",2014-04-01,7M5a2nR7iil4dqR5fMPU3S,3ESG6pj6a0LvUKklENalT6,0,9
0cw6Sv7IwZ87aLPPvNPSd0,"Ray Charles (aka: Hallelujah, I Love Her So)",1957-01-01,3Z2roouK8msGtMXAS7xWCJ,1eYhYunlNJlDoQhtYBvPsi,70,14
7rGxfLvDXjzdmHwO5CV6fH,Vision del Ayahuasca,2019-06-28,4cil3kLZ7AybYDvG8DSAb8,09o5k3t1L2ZxhJBnIERJxT,0,1
4rvNHxkP41rxzhthGuwo6Y,Espiral de Ilusão,2017-04-28,1zvpgSygK37GOotGOgT45f,37ZflmHTdxkSLQuT8w9NBs,0,7
4vF1RjBN15TIuUJqibuU80,Linda Guajira,1997-01-01,2o34LOZa6tpm0miOhoPbKb,0BzFtDQ64uQV9fjIu1XVom,44,10
4OdGL0Uq7YZmrxsIYKUbrU,Candy,2017-01-24,6QqXTZUL8O3y46rgDEWnsm,3uO6HG2JwyP744sg4PMmg5,46,1
0Ydakb7npXmyTwFLvKc5qt,Ballads,1995-01-01,3gKYq33uHC0FKHp8V7yzFi,67PZTxaHKMZBFRUh8wIzCy,0,2
1jWmEhn3ggaL6isoyLfwBn,The Doors,1967-01-04,6vCLIvOIabRk1XQfMb6RXi,22WZ7M8sxp5THdruNY3gXt,75,8
0i9SwtLwZ8cOuH5qtkwTvT,Raizes Do Samba,1999-01-01,4M2j1X47FwMozJrnJHnYNm,0RSWHhBUwW7lhCqXqxKxWN,55,2
6eedtCtCjibu80yOhylSGL,Berry Is On Top,1959-07-01,2QfiRTz5Yc8DdShCxG1tB2,293zczrfYafIItmnmM3coR,72,6
66vytUOJAN0XG0AomrREtH,New Juke Box Hits,1961-01-01,6TXnGAr6DLVYshIrMeP0lZ,293zczrfYafIItmnmM3coR,54,8
0ACOqjq9mQuCZry2kj5zkB,The Rolling Stones,1964-04-16,1FRP8d6l2jm3DS5f78ZrhK,22bE4uQ6baNwSHPVcDxLCe,51,1
5D3kmeJiQB036SyhbZqCnM,G.T.O. Best Of The Mala Recordings,2005-09-20,5GvVxxwieOVIlZaCU9bG0R,0RPvz5Xb4n2NKXD4GYH0yn,33,1
6wCFGLrsiWuX4d06Tc0zuZ,Bert Jansch,1965-01-01,7670Fg67h3y1J22hxEZDjd,1FqG6mhiJbhbMg43ohCT6D,24,7
1RC1I4Sf6tfnyMVoRJxDo3,The Singles 86-98,1998-09-28,4wGSg2Qqpt2sGCWuAZj6EN,762310PdDnwsDxAQxzQkfX,73,8
37Q22g0n9PzBLX6lNddrIa,"Kiss Me, Kiss Me, Kiss Me",1987-01-01,76GlO5H5RT6g7y0gev86Nk,7bu3H8JO7d0UbMoVzbo70s,70,9
0uJJdEZ8sRLNPoKEkjvqTD,Elvis 30 #1 Hits,2002-09-24,5kB4PT1l3saWMUbtWrrtv0,43ZHCT0cAZBISjO8DG9PnE,73,15
3gpHiNAmT5oXVxe6ewTGuN,Elvis (Fool),1973-07-16,7zMUCLm1TN9o9JlLISztxO,43ZHCT0cAZBISjO8DG9PnE,73,13
7nXJ5k4XgRj5OLg9m8V3zc,Purple Rain,1984-06-25,54X78diSLoUDI3joC2bjMz,3MHaV05u0io8fQbZ2XPtlC,74,9
43YIoHKSrEw2GJsWmhZIpu,Born To Run,1975-08-25,6hTcuIQa0sxrrByu9wTD7s,3eqjTLE0HfPfh78zjh6TqT,70,5
6mvI80w5r78niBmwtu7RF9,Bat Out Of Hell,1977-10-21,2g7gviEeJr6pyxO7G35EWQ,7dnB1wSxbYa8CejeVg98hz,67,6
3LdlOZcV0dp7ePBXe2KAGa,All The Young Dudes (Expanded Edition),1972-01-01,0WNGPpmWqzPnk0psUhJ3SX,6ysQi6NI88X627t2srsWz6,57,3
3REUXdj5OPKhuDTrTtCBU0,1984 (Remastered),1984-01-04,7N3PAbqfTjSEU1edb2tY8j,2cnMpRsOVqtPMfq7YiFE6K,78,2
555NIhJIQ4XoS5N7VglF0v,Signature Box,2010-10-05,2BkXpZSvPoUDMLI2Xw9kAL,4x1nvY2FN8jxqAFA0DA02H,84,3
2ny1rPsLOoKNFZhMLubMrs,Loaded: Re-Loaded 45th Anniversary Edition,1970-01-01,0i19MAZbyn8uTir7FprXId,1nJvji2KIlWSseXRSlNYsC,61,10
1jWmEhn3ggaL6isoyLfwBn,The Doors,1967-01-04,2Xdc6qyaFBJZ8QW1KhpVci,22WZ7M8sxp5THdruNY3gXt,75,2
0qZTwrunzX3LG45PvRghmh,Waiting for the Sun,1968-07-03,5Q2Im8o4RthlAMkvUMYwGj,22WZ7M8sxp5THdruNY3gXt,65,2
1jWmEhn3ggaL6isoyLfwBn,The Doors,1967-01-04,5uvosCdMlFdTXhoazkTI5R,22WZ7M8sxp5THdruNY3gXt,75,6
1jWmEhn3ggaL6isoyLfwBn,The Doors,1967-01-04,5UgT7w6zVZjP3oyawMzbiK,22WZ7M8sxp5THdruNY3gXt,75,11
1jWmEhn3ggaL6isoyLfwBn,The Doors,1967-01-04,0gWvVB4bGvADocoPMEDy3K,22WZ7M8sxp5THdruNY3gXt,75,3
58Lnkf8TmX0GyxK45vfN1K,Octave,1978-06-09,3T7gFooBRI9cyFPFc7lFNx,5BcZ22XONcRoLhTbZRuME1,46,3
4X87hQ57jTYQTcYTaJWK5w,Even In The Quietest Moments,1977-01-01,6XUHsYE38CEbYunT983O9G,3JsMj0DEzyWc0VDlHuy9Bx,72,1
15q7N7Wo307mfjqR29NpjF,Double Fantasy: Stripped Down,1980-11-17,4fKhRRYn7F5shZItjJkPJU,4x1nvY2FN8jxqAFA0DA02H,68,8
5ZJ2KF1mLhoWzFhwnzgLXx,The Very Best of Travis Tritt,2007-01-30,1UEKaf3j6eXeNbySz761lc,2M4Yt7oKGoYd0wqU44k4i2,53,2
3NB2cmFq9nyhHSVz0Zv08t,Strait From The Heart,1982-01-01,4TnUKixNWMfajncgdSwFoi,5vngPClqofybhPERIqQMYd,67,9
1Mmzv788gMCdcT8bhYx1UT,Are You Ready For The Country,1976-01-01,6vRj1cvJSFVjS0uxHPiFlF,7wCjDgV6nqBsHguQXPAaIM,45,5
4AKEZZ8hdjYl8i5IiQMyaC,The Oak Ridge Boys Have Arrived,1979-01-01,6BjA6FWovt4T2T5ZIW1XJQ,3XnO697XIus1M0cMuxZjos,52,7
1JWqodXuHDoGHqxyATcPJb,The Essential Merle Haggard: The Epic Years,1981-01-01,2hckAvL66faAcR0Fk64hj6,2ptmyXoL7poH6Zq62h1QT9,62,13
6GDs0ZZVR2jDV8n4m11KWO,Waylon & Willie,1978-01-01,7nVQ8mo77KaUvhUQzh4vMy,7wCjDgV6nqBsHguQXPAaIM,64,1
7AwvNqwI3PS9zJ8NFgIAWB,Ocean Front Property,1987-01-01,5QxFcHmC8KjEyTqihiZokY,5vngPClqofybhPERIqQMYd,61,1
5C5SWfvEGPnbcasiePuPov,Workingman's Dead,1970-01-01,7LbfuQVct78YoghmoPtsQ8,4TMHGUX5WI7OOm53PqSDAT,59,8
5C5SWfvEGPnbcasiePuPov,Workingman's Dead,1970-01-01,3YPBV5DacTbhgh7vharn6w,4TMHGUX5WI7OOm53PqSDAT,59,4
5C5SWfvEGPnbcasiePuPov,Workingman's Dead,1970-01-01,4n9pxaY7bTDMnw9biuCkhu,4TMHGUX5WI7OOm53PqSDAT,59,7
5C5SWfvEGPnbcasiePuPov,Workingman's Dead,1970-01-01,6rLfU9QCwLUMRW5gGG7BWA,4TMHGUX5WI7OOm53PqSDAT,59,3
6rbnNZmHoZB3ZJReflAVey,The Book of Taliesyn,1968-10-01,0TCREel6JfYFl9Za1W4Yct,568ZhdwyaiCyOGJRtNYhWf,38,12
7ykLKrLtN920GC9SBKhpp9,From Genesis to Revelation,1969-03-17,5u1ocaFVsRmHEuIVUmouPT,3CkvROUTQ6nRi9yQOcsB50,39,12
27evZfDFySSv4dcje8afMI,Perdida,2020-02-07,56wRe5EB4wALkwNjOfqTBn,2UazAtjfzqBF0Nho2awK4z,47,4
5kxuokOacguIqDJRh1ZXRC,Core,1992-09-29,0CkspLl535ZxdwCRs8AdZ4,2UazAtjfzqBF0Nho2awK4z,66,9
6FaMpsO2fif34ToEu1wLqf,Gasoline Alley,1970-01-01,2lGpbAMsfTZva62F8y1DrN,2y8Jo9CKhJvtfeKOsYzRdT,37,5
7vV3q5jE7DSuKsnHr7OmmN,Atlantic Crossing,1975-01-01,3Fq5ppF5r5ZvxaNOQNtLW5,2y8Jo9CKhJvtfeKOsYzRdT,66,8
1H9g6j4Wwj6wh6p8YHVtkf,Outlandos D'Amour (Remastered 2003),1978-11-02,2wnsBaxrmkthIFAm6vqCuX,5NGO30tJxFlKixkPSgXcFE,78,2
2EpuND32cO7CX0gXZl2NB6,Reggatta De Blanc (Remastered 2003),1979-10-02,5MuKkqc8lnzldouHA0MwgL,5NGO30tJxFlKixkPSgXcFE,74,9
2EpuND32cO7CX0gXZl2NB6,Reggatta De Blanc (Remastered 2003),1979-10-02,45BfHifOOhDpyPJn7El1JU,5NGO30tJxFlKixkPSgXcFE,74,10
5jkwdY6jS1Hzi8epr6HW7h,Ghost In The Machine (Remastered 2003),1981-10-02,6xK4wLYwSszCXsiPhOhG4I,5NGO30tJxFlKixkPSgXcFE,73,4
1H9g6j4Wwj6wh6p8YHVtkf,Outlandos D'Amour (Remastered 2003),1978-11-02,7Jsli31ZTv3TI28qcXzEkE,5NGO30tJxFlKixkPSgXcFE,78,5
13xlpKbai3GGoMSr75lOeX,Into The Wild (Music For The Motion Picture),2007-09-18,6e2lt5O6aOUGQ8BWSo0gNr,0mXTJETA4XUa12MmmXxZJh,72,10
5gFlatIsjQFc37EaIoTG2S,Ukulele Songs,2011-01-01,5dktbrwSYVhdi0c7wIcoa3,0mXTJETA4XUa12MmmXxZJh,53,15
6y8qx4wS06EbInD9x8q5Xx,Flag Day (Original Soundtrack),2021-08-20,6O3eyIuIDoXHHa1KEVDQpO,0mXTJETA4XUa12MmmXxZJh,48,5
3Zkggi5I9uH5x94DuN6u1S,Hits Back,2013-08-26,5dAxeuDkIkpa6wZpMOuG9i,3RGLhK1IP9jnYFH4BRFJBS,63,21
1wiGVWA5bWzqptjaZUjIM4,Days Of Future Passed (Expanded Edition),1967-11-10,4uCFK6Lm1gA3MaIbSRhIfS,5BcZ22XONcRoLhTbZRuME1,35,5
4t5Za54Hk2E1vSxvtGoRSE,Long Distance Voyager (Expanded),1981-05-15,0iGNd4z2m80OjE2JcWmBSs,5BcZ22XONcRoLhTbZRuME1,46,1
0kmbfs4yxvWj8VXxg6y8H4,Every Good Boy Deserves Favour,1971-07-23,3kcaix8VptngsWoYDTqEN2,5BcZ22XONcRoLhTbZRuME1,48,2
0WVDqz6ty88sjpbfvMqF98,Terrapin Station (2014 Remaster),1977-01-01,2gdTkM0hL9KQipAx6aUT6L,4TMHGUX5WI7OOm53PqSDAT,45,6
1T7YIthjEvwsxbUHZ7NdBD,Reckoning (Live),1981-04-01,5SWDIe8j5vhBZZkU11Cmjj,4TMHGUX5WI7OOm53PqSDAT,48,5
5C5SWfvEGPnbcasiePuPov,Workingman's Dead,1970-01-01,5vmGZ4645Pyx1vHNBgFGDI,4TMHGUX5WI7OOm53PqSDAT,59,2
0JwHz5SSvpYWuuCNbtYZoV,Bridge Over Troubled Water,1970-01-26,5MbXzXGbqobR8xPVPs8OXA,70cRZdQywnSFp9pnc2WTCE,76,8
6TrlKpZSlcw3qzdHc42QzP,Psychedelic Drugstore - Remastered,1970-01-01,1kjCyBnjlxZxZv9RNlXBbd,1GGnADQvJeAIqtrjWc0CFc,38,6
2BtE7qm1qzM80p9vLSiXkj,Magical Mystery Tour (Remastered),1967-11-27,6Pq9MmkDQYZiiCDpxnvrf6,3WrFJ7ztbogyGnTHbHJFl2,72,6
17c5c9QwjWsNg0N7zX7EBQ,"Cactology ""The Cactus Collection""",1996-04-23,3eMlVhkJzPVdpyngg8Zop6,7kWwQAe9JnYNMk4kuEe73S,31,1
0GSYLa8YmACMfpBR9ymgzI,The World Is Yours – The Anthology 1968-1976,2010-01-01,1UnKocC4TFivzN9TSDnui6,37J1PlAkhRK7yrZUtqaUpQ,29,2
2Tzvkt45C7PLlLICWYNslu,The Savage Resurrection,2008-01-01,6yUIyHqIrx854Jief095VE,16dZsYfKoAqmnt1tyhAPkE,31,1
6lPb7Eoon6QPbscWbMsk6a,Surrealistic Pillow,1967-01-01,0TBntp6t4oS6UXjxikO5n7,2qFr8w5sWUITRlzZ9kZotF,71,5
6XqM4NINcx3oc7NhOUKxXp,Odessey and Oracle,1968-04-19,6hleUCx3E4gB2urwRvx1QT,2jgPkn6LuUazBoBk6vvjh5,0,12
3DE7aixVSE6DZ6ALYIztT0,Second Coming,1994-12-05,6JvEXmRh3l2acBzvqavgT9,1lYT0A0LV5DUfxr6doRP3d,57,12
6C9WzlQANeoD0GW5B41YJt,Agents Of Fortune,1976-01-01,5QTxFnGygVM4jFQiBovmRo,00tVTdpEhQQw1bqdu8RCx2,70,3
5cT7ee1sy2oEbFalP4asS4,Tommy,1969-05-23,6LbbHFEajG9e4m0G3L47c4,67ea9eGLXYMsO2eYQRui3w,64,13
3qzvxfhCWUYsJuVSOSv0AP,Grateful Dead,1967-01-01,6Z2zCs1MpOt6gWJQeUnP0X,4TMHGUX5WI7OOm53PqSDAT,31,5
3qzvxfhCWUYsJuVSOSv0AP,Grateful Dead,1967-01-01,5ExJq0xcyLIKpyPNEtR1Hy,4TMHGUX5WI7OOm53PqSDAT,31,8
3qzvxfhCWUYsJuVSOSv0AP,Grateful Dead,1967-01-01,0vynEdnbsrOqAkCV8nVDV9,4TMHGUX5WI7OOm53PqSDAT,31,6
3qzvxfhCWUYsJuVSOSv0AP,Grateful Dead,1967-01-01,7LDo4ofK0ldQTjgdFS2YVv,4TMHGUX5WI7OOm53PqSDAT,31,7
3qzvxfhCWUYsJuVSOSv0AP,Grateful Dead,1967-01-01,5VyKZRdxQ3bpgHvqYorbvM,4TMHGUX5WI7OOm53PqSDAT,31,9
3qzvxfhCWUYsJuVSOSv0AP,Grateful Dead,1967-01-01,2Dm5ota2DMPyl20pOsCQZg,4TMHGUX5WI7OOm53PqSDAT,31,1
36G9sqbDXXbE7Mv9GTDMXd,Book Of Dreams,1977-01-01,2zI3bUYn2pcF27of6i2oqK,6QtGlUje9TIkLrgPZrESuk,60,2
20Y9wHWIxNFvqplgHmqmUl,The Best Of Don McLean,1988-01-01,1fDsrQ23eTAVFElUMaf38X,1gRNBaI4yn6wCCTvRhGWh8,61,1
10v912xgTZbjAtYfyKWJCS,Highway to Hell,1979-07-27,2zYzyRzz6pRmhPzyfMEC8s,711MCceyCBcFnzjGY4Q7Un,81,1
3Zkggi5I9uH5x94DuN6u1S,Hits Back,2013-08-26,45xBWOa6oEAk1WlVyr5QAB,3RGLhK1IP9jnYFH4BRFJBS,63,4
3Zkggi5I9uH5x94DuN6u1S,Hits Back,2013-08-26,2hOi0U15nSrV9ueYLCtvE2,3RGLhK1IP9jnYFH4BRFJBS,63,19
1ZH5g1RDq3GY1OvyD0w0s2,Combat Rock (Remastered),1982-01-01,3AySFupxPGQWjauQfFXcr0,3RGLhK1IP9jnYFH4BRFJBS,76,5
2UxN3UKyS3Z5r0Sra8A5RF,Sandinista! (Remastered),1980-01-01,1DVZCooCJVp4DmCteQ5XlM,3RGLhK1IP9jnYFH4BRFJBS,58,22
49kzgMsxHU5CTeb2XmFHjo,The Clash (Remastered),1977-01-01,6IMlcKjsIM3l3yXWykTa3y,3RGLhK1IP9jnYFH4BRFJBS,59,12
6FCzvataOZh68j8OKzOt9a,London Calling (Remastered),1979-01-01,0jnFDxgNhS156vu6roUVco,3RGLhK1IP9jnYFH4BRFJBS,73,10
70NjH8NkxcbYNvWAHnyv1e,From Here to Eternity (Live) [Remastered],1999-01-01,744eHv8kvVhIYc4le3NEvt,3RGLhK1IP9jnYFH4BRFJBS,38,8
6FCzvataOZh68j8OKzOt9a,London Calling (Remastered),1979-01-01,6wtmql7FJ7SSLuSw8JD8rX,3RGLhK1IP9jnYFH4BRFJBS,73,6
3Zkggi5I9uH5x94DuN6u1S,Hits Back,2013-08-26,0mlwPYU0ApElSjZN4yA4L9,3RGLhK1IP9jnYFH4BRFJBS,63,2
4NEvCc6vHcsCPviWPCCrVg,Give 'Em Enough Rope (Remastered),1978-01-01,2rUVY6uXm8J0IEr230B1L1,3RGLhK1IP9jnYFH4BRFJBS,49,4
6FCzvataOZh68j8OKzOt9a,London Calling (Remastered),1979-01-01,72boGlgSwUK01n44O2tOCv,3RGLhK1IP9jnYFH4BRFJBS,73,8
1ZH5g1RDq3GY1OvyD0w0s2,Combat Rock (Remastered),1982-01-01,31l6t3Jq09uywRTVGbzant,3RGLhK1IP9jnYFH4BRFJBS,76,1
6FCzvataOZh68j8OKzOt9a,London Calling (Remastered),1979-01-01,5jzma6gCzYtKB1DbEwFZKH,3RGLhK1IP9jnYFH4BRFJBS,73,1
1ZH5g1RDq3GY1OvyD0w0s2,Combat Rock (Remastered),1982-01-01,56KqaFSGTb7ifpt16t5Y1N,3RGLhK1IP9jnYFH4BRFJBS,76,4
2EpuND32cO7CX0gXZl2NB6,Reggatta De Blanc (Remastered 2003),1979-10-02,1oYYd2gnWZYrt89EBXdFiO,5NGO30tJxFlKixkPSgXcFE,74,1
6FCzvataOZh68j8OKzOt9a,London Calling (Remastered),1979-01-01,7FYkZkF9fog6WS818wJnhl,3RGLhK1IP9jnYFH4BRFJBS,73,2
3ac83yxb1hxAjFiuJCdGNm,Complete Studio Rarities Collection,2013-07-26,0BBcbPbTWW8MaLKIDHtsAi,4TMHGUX5WI7OOm53PqSDAT,40,27
1W5CtQ7Ng0kP3lXyz7PIT2,In Through the out Door (Remaster),1979-08-15,5hhVpGIBlqAU5yJEOmrk5o,36QJpDe2go2KgaRleHCDTp,63,6
1AL5oXZRtTc8PyhcTwg4xQ,Texas Flood (Legacy Edition),1983-01-01,0h4jHdNzUrV9eGR2PT5R8c,5fsDcuclIe8ZiBD5P787K1,68,10
75ktQ1w8qwjVqRGhgxTWVa,Shades of Deep Purple,1968-07-01,5nQxyQQgU1SQFMf2qEpcje,568ZhdwyaiCyOGJRtNYhWf,52,9
2Y7dwu7XmkrGi6zphZiYsu,Storyteller - The Complete Anthology: 1964 - 1990,1989-01-01,5n1amEDwVKucAGMqePk9yN,2y8Jo9CKhJvtfeKOsYzRdT,58,1
7IKUTIc9UWuVngyGPtqNHS,L.A. Woman,1971-04-19,4nKmlUaUiUN4rpMGYnUPAu,22WZ7M8sxp5THdruNY3gXt,72,7
1jWmEhn3ggaL6isoyLfwBn,The Doors,1967-01-04,4pxHVL0syMQwYK3BxDaTIs,22WZ7M8sxp5THdruNY3gXt,75,10
5fnE49AqsSBaLC62nfo3q1,Northern Lights-Southern Cross (Expanded Edition),1975-11-01,4wqotHffqphGPqkFtJSQ5o,6d4jrmreCmsenscuieJERc,50,8
5fnE49AqsSBaLC62nfo3q1,Northern Lights-Southern Cross (Expanded Edition),1975-11-01,6sJlkqZqUOLXjWKJrDgRmd,6d4jrmreCmsenscuieJERc,50,4
3PkdGRruLnJ9zCtANiDrpB,Buffalo Springfield,1966-12-05,1qRA5BS78u3gME0loMl9AA,3eskO5m0H4yiF64vRySBjr,74,1
1KytsXm6VQcyX5B5m8HBNa,In the Dark,1987-01-01,0mJQlCl9YgxW7kyeltNiVk,4TMHGUX5WI7OOm53PqSDAT,53,1
6k1iylSzWOs7SgavxlJ8kt,Electric Warrior,1971-09-24,6FsQrRpBLgsrFeAeiQqytm,3dBVyJ7JuOMt4GE9607Qin,68,6
7IKUTIc9UWuVngyGPtqNHS,L.A. Woman,1971-04-19,14qbY7LbhcXwECCGqH2z7U,22WZ7M8sxp5THdruNY3gXt,72,8
7IKUTIc9UWuVngyGPtqNHS,L.A. Woman,1971-04-19,0fzG0n1PEloLvlOFc0GVEZ,22WZ7M8sxp5THdruNY3gXt,72,6
7IKUTIc9UWuVngyGPtqNHS,L.A. Woman,1971-04-19,2Sjez1CwJv8Pz018CxKjWa,22WZ7M8sxp5THdruNY3gXt,72,4
6AFLOkpJjFF652jevcSOZX,Morrison Hotel,1970-02-09,6PtRNOkuXALHwogMnc9NCx,22WZ7M8sxp5THdruNY3gXt,71,11
6AFLOkpJjFF652jevcSOZX,Morrison Hotel,1970-02-09,2r63hMQCds09Rf30DrNTav,22WZ7M8sxp5THdruNY3gXt,71,6
4tUFPs9QbSIUEMk75amzJh,Cahoots (Deluxe Edition / 2021 Remix),1971-01-01,6GGZMQ6VLnsnpbMcm6xKGy,6d4jrmreCmsenscuieJERc,26,4
7uqVE9qWdqjtDeLpdHyMxP,The Last Waltz (Deluxe Version),2002-12-16,0jo6RYrOvzGSjtmgf7EEIg,6d4jrmreCmsenscuieJERc,56,4
0ky5kdvfPxSmSpj03hpSAE,Music From Big Pink (Remastered),1968-07-01,0P7DoyGrr4Wp9w5TotEtUC,6d4jrmreCmsenscuieJERc,66,5
5WBx64FIN04CvM2T1MGrUN,Nashville Skyline,1969-04-09,4K1imZQQ0yKtJ40vGmUajS,74ASZWbe4lXaubB36ztrGX,65,1
0DFYbYCcHCEJPcN1hODG6K,Plastic Ono Band,1970-12-11,4bN43jYf41eIjJZ3UXQpuA,4x1nvY2FN8jxqAFA0DA02H,63,2
3uFZf8rykoHo7XMIQVYW6r,Axis: Bold As Love,1967-12-01,3qebSLgUwaEqbwCM5sj5Kh,776Uo845nYHJpNaStv1Ds4,70,9
5cGElNWN4q4dT9EtVsf3mZ,The Elektra Years 1978 - 1987,2016-03-11,0nFKHCf1Ibij8m370l2KlZ,6DCIj8jNaNpBz8e5oKFPtp,48,1
3bosyDPGOYmLnwMNhU06Rx,La Folie,1981-01-01,2AX5E86cn9n2dgioZEjirI,0RUEHcBiENFEqxgicqS2ig,65,9
4YimfceN1R0nOS9CefIFhm,Once Upon A Time (Super Deluxe),1985-01-01,2x5IXUFOcvvBUtEpnCBNlp,6hN9F0iuULZYWXppob22Aj,73,5
2hallpchkYldMa5lGGf1Ko,Love,1985-10-18,3qLZ866ZfaK0B0R5FIqXLG,49DW3KvkyjHO35mK1JnSyS,66,9
48NYXFdasUBuSeO3RAolt3,Learning to Crawl (Expanded & Remastered),1984-01-01,4cMHCRLPNoEbpnl2rz6GS9,0GByy3DcfbQwDvXGCWmzv9,73,2
6gMv3MgFlieOM6Uz5GZBzy,Document (R.E.M. No. 5),1987-09-01,7oYpzJ79R3RAJOfBvUKVjb,5BcAKTbp20cv7tC5VqPFoC,64,6
2ikq6LspaBbUG2qyiV5qdx,So (Remastered),1986-05-19,4AUS8KNz7zX8XFu9L38GT0,7C4sUpWGlTy7IANjruj02I,65,2
1zcm3UvHNHpseYOUfd0pna,Breakfast In America (Deluxe Edition),1979-03-29,6mHOcVtsHLMuesJkswc0GZ,3JsMj0DEzyWc0VDlHuy9Bx,78,2
7LPfdVDw4uXf9Bw5LQDESf,Heartbeat City (Expanded Edition),1984-01-01,2lFFiNm0XtgJ6wkdncTB4k,6DCIj8jNaNpBz8e5oKFPtp,70,4
4GDchmJ8oESRJ58cDXvnE0,Cargo,1983-01-01,3iA4foXIFpekwHyma7pRs1,0f3EsoviYnRKTkmayI3cux,62,2
0u34k1ANjgZ47uQfG9yaLj,Greatest Hits: Huey Lewis And The News,2006-01-01,2olVm1lHicpveMAo4AUDRB,7A9yZMTrFZcgEWAX2kBfK6,71,3
6AFLOkpJjFF652jevcSOZX,Morrison Hotel,1970-02-09,1MR950KaknDDJ2PyU5NQDa,22WZ7M8sxp5THdruNY3gXt,71,3
6AFLOkpJjFF652jevcSOZX,Morrison Hotel,1970-02-09,1tBMs9Rmw3UMvPJrsXsUyL,22WZ7M8sxp5THdruNY3gXt,71,9
6AFLOkpJjFF652jevcSOZX,Morrison Hotel,1970-02-09,2hdeaGl9nT3UoQIgSqctHj,22WZ7M8sxp5THdruNY3gXt,71,10
6AFLOkpJjFF652jevcSOZX,Morrison Hotel,1970-02-09,2g3JAKjKruTL40VffoGLmg,22WZ7M8sxp5THdruNY3gXt,71,5
6AFLOkpJjFF652jevcSOZX,Morrison Hotel,1970-02-09,6KVM6U9Wcxgjh0jDjoRDgh,22WZ7M8sxp5THdruNY3gXt,71,2
6v5IVMmY1IvWtbfnQoiFSf,Strange Days,1967-09-25,1Jmqubf9kGkWeYQXQKImL5,22WZ7M8sxp5THdruNY3gXt,73,7
75bLu4Ung5QbMdJYxx7wTI,The Soft Parade,1969-07-21,13ejmQX8lVzeKijqMWiNO7,22WZ7M8sxp5THdruNY3gXt,62,8
2sXJQdHykPYcRQ7xFhwzMR,In Color,1977-09-01,1JkZg3eMQTmTn93E8Yd3UL,1LB8qB5BPb3MHQrfkvifXU,62,4
7vEJAtP3KgKSpOHVgwm3Eh,1 (Remastered),2000-11-13,4pbG9SUmWIvsROVLF0zF9s,3WrFJ7ztbogyGnTHbHJFl2,76,4
57lcTrUlYgfMIPvBUsVU6h,Purple (2019 Remaster),1994-06-07,6qLEOZvf5gI7kWE63JE7p3,2UazAtjfzqBF0Nho2awK4z,73,4
6D9urpsOWWKtYvF6PaorGE,Elephant,2003-04-01,3dPQuX8Gs42Y7b454ybpMR,4F84IBURUo98rz4r61KF70,81,1
69GTpu2TQvWQNOjhIVyzRL,00020225,2019-10-18,1pXgBjIvALm97lDhroan2E,7jy3rLJdDQY21OgRLCZ9sD,54,7
54V1ljNtyzAm053oJqi0SH,Second Helping,1974-04-15,7e89621JPkKaeDSTQ3avtg,4MVyzYMgTwdP7Z49wAZHx0,0,1
0BwWUstDMUbgq2NYONRqlu,Rumours (Super Deluxe),1977-02-04,0ofHAoxe9vBkTCp2UQIavz,08GQAI4eElDnROBrJRGE0X,86,2
7rSZXXHHvIhF4yUFdaOCy9,Are You Experienced,1967-05-12,0wJoRiX5K5BxlqZTolB2LD,776Uo845nYHJpNaStv1Ds4,74,1
1ZH5g1RDq3GY1OvyD0w0s2,Combat Rock (Remastered),1982-01-01,39shmbIHICJ2Wxnk1fPSdz,3RGLhK1IP9jnYFH4BRFJBS,76,3
7MejfRSNnrpcLZIxkeZDqR,Leftoverture (Expanded Edition),1976-01-01,4DMKwE2E2iYDKY01C335Uw,2hl0xAkS2AIRAu23TVMBG1,70,1
6r7LZXAVueS5DqdrvXJJK7,Paranoid (Remaster),1970-09-18,3IOQZRcEkplCXg6LofKqE9,5M52tdBnJaKSvOpJGz8mfZ,73,4
4l4u9e9jSbotSXNjYfOugy,Let It Bleed,1969-12-05,6H3kDe7CGoWYBabAeVWGiD,22bE4uQ6baNwSHPVcDxLCe,0,1
52AeC4gwbxDfFlLHgK1ByD,Urban Hymns (Remastered 2016),1997-09-29,57iDDD9N9tTWe75x6qhStw,2cGwlqi3k18jFpUyTrsR84,76,1
1YCC4oZXg2zGn7pVSKVlGF,Dressed To Kill,1975-03-19,6KTv0Z8BmVqM7DPxbGzpVC,07XSN3sPlIlB2L2XNcTwJw,70,10
0zKjnOsXxs63unPR6TWoHq,School's Out,1972-01-01,5Z8EDau8uNcP1E8JvmfkZe,3EhbVgyfGd7HkpsagwL9GS,64,1
6yEuIwTQpciH1qtj7mP5GK,Out Of Time,1991-03-12,31AOj9sFz2gM0O3hMARRBx,5BcAKTbp20cv7tC5VqPFoC,0,2
1LgPUiosPMevbB4NHxcNiO,Straight Shooter,1975-01-01,3KPwt1LBpt1jVSHz8GXERo,5AEG63ajney2BoDXi0Vb84,63,2
70lQYZtypdCALtFVlQAcvx,Led Zeppelin II (1994 Remaster),1969-10-22,3MODES4TNtygekLl146Dxd,36QJpDe2go2KgaRleHCDTp,74,7
0B4wezbhEPFRVb4feiNBeM,Golden Hits,1965-01-01,7CoyMk4h3sG9HFwSuT4bDE,1RP2UpEaRzkF0Id3JigqD8,56,7
7IHtSLCPFIRxhDSErCZzYy,Gold,2006-01-01,2h1Xj6D76ygKS3tu9DgIY5,7gi3jmwpUpNWdswT8eEprF,52,12
7LmhShcQUdQf0vbfa6VUPn,Mama Tried/ Pride In What I Am,2006-01-01,6h3YJ05BovN1Pgk145J3r9,2ptmyXoL7poH6Zq62h1QT9,54,1
38YMI8jMA7RotlUBZJNtcs,All-Time Greatest Hits,2010-08-31,762yvPz59OMgb7gGLws6Vi,2FMZn5P3WATd7Il6FgPJNu,3,1
77EM0wkGevYQcBo1AJt7B0,Bellamy Brothers,1976-07-01,064SVQsmWl5EF0zahmzkQk,5iB5AWIa7qreioi0AF3Bxa,62,6
7rSZXXHHvIhF4yUFdaOCy9,Are You Experienced,1967-05-12,5H6Jp0syB5yEPk7SWYdlmk,776Uo845nYHJpNaStv1Ds4,74,7
5vxBOzakDbJleNA1rbA7FQ,Couldn't Stand The Weather (Legacy Edition),1984-01-01,5XNpdKmlLJPUbwKQceX2tW,5fsDcuclIe8ZiBD5P787K1,63,18
0lITGovWgaQGi42EfqcE5P,Young Americans (2016 Remaster),1975-03-07,0iWHMJwpVl46UJ2KZ2IEKt,0oSGxfWSnnOXhD2fKuz2Gy,62,7
0lITGovWgaQGi42EfqcE5P,Young Americans (2016 Remaster),1975-03-07,1ipVdOvDm2PrCTWu3T24I2,0oSGxfWSnnOXhD2fKuz2Gy,62,3
4owqIN3fEihgh8u5e1PLBh,Trouble & Me,1964-01-01,2pVQtg1gfTftOLugm5ENov,0NqxUSg57tX1o1WG7VU1Vp,41,7
2RrnTUG3xhFepE2eeaSozR,Six Days on the Road,1996-01-01,1tswBQlL2Bklbb82GHxKoW,4bsWHdJkFtq1r3TcXtKGdv,45,1
26KWAh3Wvw9LjeyxjTEZqa,The Complete Capitol Hits Of Faron Young,2000-01-01,4dim8F8t01qimHOmr6S3Gd,6uvq6FeVsmhOWfJHxVNeBL,50,15
0B4wezbhEPFRVb4feiNBeM,Golden Hits,1965-01-01,2X4uFSf7nQPSSwTxw1RRxX,1RP2UpEaRzkF0Id3JigqD8,56,9
6vtxlSMG7LpObTInWIck89,Greatest Hits - Finest Performances,1996-01-01,159pWujPHIbLHoStbgrh6L,1RP2UpEaRzkF0Id3JigqD8,37,6
6vtxlSMG7LpObTInWIck89,Greatest Hits - Finest Performances,1996-01-01,36Ew5C2l5r1GAZifRhp4YG,1RP2UpEaRzkF0Id3JigqD8,37,1
1lsOkbVF2Wk8U1IrF3FWLa,Don't Let the Old Man In,2018-12-07,4DLSN6f2Cp5eWIa5Vfn9kj,2bA6fzP0lMAQ4kz6CF61w8,46,1
2Pj2kZM5XpyIeyFBTAVulL,Pat Garrett & Billy The Kid (Soundtrack From The Motion Picture),1973-07-13,6HSXNV0b4M4cLJ7ljgVVeh,74ASZWbe4lXaubB36ztrGX,70,7
6ITR4bqkKZGyanAlQgXtyK,St. Louis To Liverpool,1964-11-01,6FT83pFXKhDlXDsNJFAHWz,293zczrfYafIItmnmM3coR,70,6
3x1CmNdXWU0DzpTZXFFRZu,Wish,1992-01-01,263aNAQCeFSWipk896byo6,7bu3H8JO7d0UbMoVzbo70s,73,7
4FCoFSNIFhK36holxHWCnc,Jar Of Flies,1994-01-01,7Fm3NhbAYHvTQUhboim9FB,64tNsm6TnZe2zpcMVMOoHL,72,1
58NXIEYqmq5dQHg9nV9duM,Dirt (2022 Remaster),1992-09-29,7FRfYOql61DGDp9VPPe2qA,64tNsm6TnZe2zpcMVMOoHL,77,4
58NXIEYqmq5dQHg9nV9duM,Dirt (2022 Remaster),1992-09-29,4A065x9kJt955eGVqf813g,64tNsm6TnZe2zpcMVMOoHL,77,1
4Cv61B08yHx3fwkylkhCxe,"Trilogy: Past, Present & Future",1980-01-01,0K2WjMLZYr09LKwurGRYRE,1Mxqyy3pSjf8kZZL4QVxS0,0,15
19sNgSx2E2F6IhlYsmRcur,Songs For Young Lovers,1954-01-01,0x0ffSAP6PkdoDgHOfroof,1Mxqyy3pSjf8kZZL4QVxS0,56,1
1gCLWt3kXk5kNTZdsx6P8a,Ultimate Sinatra,2015-04-21,3gcX6AddfEnG4SgfltfSUO,1Mxqyy3pSjf8kZZL4QVxS0,66,9
1kyb5tomEXcA106V57puFW,Strangers In The Night (Expanded Edition),1966-05-01,74VR3AkGPhbYXnxcOYa16x,1Mxqyy3pSjf8kZZL4QVxS0,68,1
2Xp6c8OMMolIoix6KLyun2,Nice 'n' Easy (Remastered / Expanded Edition),1960-07-01,5Z7bkW3dsu8jLdv3dEGxly,1Mxqyy3pSjf8kZZL4QVxS0,52,1
4kca7vXd1Wo5GE2DMafvMc,Songs For Swingin' Lovers! (Remastered),1956-03-01,2WaYW84yWij5NSCpgSeU2R,1Mxqyy3pSjf8kZZL4QVxS0,67,1
5Jxf3eOoGvWDGg957iXEkj,A Swingin' Affair! (Remastered / Expanded Edition),1957-06-01,4Z4eU8yoBtBGIQPQrhCFr2,1Mxqyy3pSjf8kZZL4QVxS0,54,16
3DdN3GRJj8YS0V0fiyXtbt,September Of My Years (Expanded Edition),1965-08-01,2ID3rNM3hFBjqrLcV0Wr0y,1Mxqyy3pSjf8kZZL4QVxS0,49,8
7FAo3wmrJNNzz2W5Z5ZG80,"Days Of Wine And Roses, Moon River And Other Academy Award Winners",1964-01-01,0elmUoU7eMPwZX1Mw1MnQo,1Mxqyy3pSjf8kZZL4QVxS0,66,3
1kyb5tomEXcA106V57puFW,Strangers In The Night (Expanded Edition),1966-05-01,2cI7j96n1rfv4RNKuri4or,1Mxqyy3pSjf8kZZL4QVxS0,68,2
22KCcelRH1AeHz7S7x5XhY,Ultimate Sinatra: The Centennial Collection,2015-04-21,3Fyj22NPIu3kzhpu9KF7Bg,1Mxqyy3pSjf8kZZL4QVxS0,50,5
22KCcelRH1AeHz7S7x5XhY,Ultimate Sinatra: The Centennial Collection,2015-04-21,0QbRfr3pJtHGxhIpIMYmbN,1Mxqyy3pSjf8kZZL4QVxS0,50,21
67Evm6gPc9wFSUf1aXOrKO,The World We Knew,1967-08-01,4feXcsElKIVsGwkbnTHAfV,1Mxqyy3pSjf8kZZL4QVxS0,74,2
5xeMctXQWNmMq4aAjwuR3e,Unearthed,2003-01-01,76pllrWpfiCoLGhijQBYhO,6kACVPfCOnqzgfEF5ryl0x,62,13
3AMHMM2aNG6k3d7ybcQ5bY,Definitely Maybe,1994-08-29,6TlQ5fbojNRuG0hPQMbxeW,2DaxqgrOhkeH0fpeiQq2f4,0,3
0o1uFxZ1VTviqvNaYkTJek,The Freewheelin' Bob Dylan,1963-05-27,18GiV1BaXzPVYpp9rmOg0E,74ASZWbe4lXaubB36ztrGX,68,1
0zWsqSsamm615uHbVj7uiZ,Cease To Begin,2007-10-09,2IvNxLl01CTAfCOA103Tgx,0OdUWJ0sBjDrqHygGUXeCF,61,3
7xe8VI48TxUpU1IIo0RfGi,Blue Hawaii,1961-10-20,2MRJ3Oqb5yAONPvQyoWnQ9,43ZHCT0cAZBISjO8DG9PnE,75,5
7eqBAR9pblivMBOI70q2um,Homecoming,1972-01-01,4IU1RL4BKvFyXtbTwaHAvW,3vAaWhdBR38Q02ohXqaNHT,67,1
4jd6oC0It60c1J3GpXCv6M,Peter Gabriel 1: Car (Remastered),1977-01-01,1CM1wOqD2AIjt2MWd31LV2,7C4sUpWGlTy7IANjruj02I,66,2
2UDDZVesmQwA4aYfa55diS,American Beauty,1970-06-01,5ZLzl6T8JwqMTMdoE0nCbU,4TMHGUX5WI7OOm53PqSDAT,57,2
7mEjsBlRmfP63cH1gdPT6A,Best Of Blondie,1981-10-31,0a4agFmqHXxcZl1nho1BxM,4tpUmLEVLCGFr93o8hFFIB,68,1
0eFHYz8NmK75zSplL5qlfM,The Resistance,2009-09-10,0It6VJoMAare1zdV2wxqZq,12Chz98pHFMPJEknJQMWvI,74,3
0lw68yx3MhKflWFqCsGkIs,Black Holes and Revelations,2006-06-19,3skn2lauGk7Dx6bVIt5DVj,12Chz98pHFMPJEknJQMWvI,78,2
1IeXdR2ptc5Jhxmko89CgE,Singles 1965-1967,2004-07-12,5rUwnfuvEebahvFInZB8mC,22bE4uQ6baNwSHPVcDxLCe,54,7
50o7kf2wLwVmOTVYJOTplm,Rubber Soul (Remastered),1965-12-03,3KfbEIOC7YIv90FIfNSZpo,3WrFJ7ztbogyGnTHbHJFl2,78,11
3ZGUBwDiY5HPOcWv4SBPQg,Wildflowers,1994-10-21,2Pr1nZpt8A8WP7QYpyq6L3,2UZMlIwnkgAEDBsw1Rejkn,69,1
6VNuZLF98tsRYgqlIXAVCD,Under the Pink,1994-01-31,1300POeOaj8qho30FRHjgf,1KsASRNugxU85T0u6zSg32,56,8
5qC5YqtLMlsm5Pyl6GtfpP,Surfacing,1997-09-01,3xZMPZQYETEn4hjor3TR1A,4NgNsOXSwIzXlUIJcpnNUp,64,7
3g9baRrkyeaxVVlKALv9Pr,Pieces Of You,1995-02-28,0OH8dSQmKm2zjhqRPYsk1h,4RnBFZRiMLRyZy0AzzTg2C,0,1
0BiNb8HYR4JvuxUa31Z58Q,Automatic For The People,1992-10-05,4jLv3tDBu8ww2R07DvL12s,5BcAKTbp20cv7tC5VqPFoC,74,10
4gEFOyes5HJJMIzTHlGG76,Music For All Occasions,1995-01-01,0o0QiBgJqMJjaZLSR4aJFj,4Ud7lY9V8pOyydumajSW3O,43,1
350LemPdU1JoLmQrLyAN0F,Billy Idol,1982-01-01,1gzIbdFnGJ226LTl0Cn2SX,7lzordPuZEXxwt9aoVZYmG,68,2
2N0AgtWbCmVoNUl2GN1opH,Dreamboat Annie,1975-01-01,5zH710lFSLtkHbMkslLDjR,4tX2TplrkIP4v05BNC903e,68,3
0VPad241NfcHMOXcRcLrDe,Dr. Feelgood,1989-01-01,65HA9FsYyA2xro9RzNlNmy,0cc6vw3VN8YlIcvr1v7tBL,1,5
6TLTd0P2CUI0Q29AQ1LyFi,Tom Petty & The Heartbreakers,1976-11-09,7MRyJPksH3G2cXHN8UKYzP,4tX2TplrkIP4v05BNC903e,69,10
2tzbNCAUTmW4MIM2Ulvrwl,Commodores,1977-01-01,1JQ6Xm1JrvHfvAqhl5pwaA,6twIAGnYuIT1pncMAsXnEm,73,9
4VykjLwkyfKMZVLrJJVrYh,Every Picture Tells A Story,1971-05-18,6rovOdp3HgK1DeAMYDzoA7,2y8Jo9CKhJvtfeKOsYzRdT,66,5
4jd6oC0It60c1J3GpXCv6M,Peter Gabriel 1: Car (Remastered Version),1977-02-25,1CM1wOqD2AIjt2MWd31LV2,7C4sUpWGlTy7IANjruj02I,58,2
43L4t2oVmuJsudEls5C6Gh,Christopher Cross,1979-01-01,6Rd36fAvK6klQPYgx3534I,695W5F2Ih8dYahLdjVOIoH,68,6
2M6r8R8SZfy9D5io8aZYcs,Rock & Roll - The Best of The Robins,1998-01-01,0vGyXveSjPnALkLiqfZDOg,6TKOZZDd5uV5KnyC5G4MUt,33,4
5R27t83T8Jhltww09lriMo,The Legendary Masters Series (Volume 1),1990-01-01,56XoFI6v7kbGNdM8ALYWof,73sSFVlM6pkweLXE8qw1OS,46,8
0OrV6t1YYdWXmiOD4ot2iD,Flowers On The Wall: The Essential Statler Brothers 1964-1969,1996-03-12,3uG4ygD1bIP3YspJm9N4KO,5PSWc8Y94zFsAtZlTe7ipI,47,4
2x1Yi30lsWJUoBj1kmovnm,Toulouse Street,1972-01-01,7Ar4G7Ci11gpt6sfH9Cgz5,39T6qqI0jDtSWWioX8eGJz,72,1
1sY2wLftl601YlV9YUQFgW,Robbie Dupree,1980-12-01,7v5rsCN3LhX9XaIlWyTdx3,3jrgftS3TYbNxcPt5itKhz,51,1
5pnJrocLlZ3FWEbcr2PTz0,"Wednesday Morning, 3 A.M.",1964-10-19,5y788ya4NvwhBznoDIcXwK,70cRZdQywnSFp9pnc2WTCE,71,6
1RzrSgWinUzgsnw3oQDXOy,Red Rose Speedway,1973-04-30,0Oj0TT23GBH2XuHAaSsloH,3sFhA6G1N0gG1pszb6kk1m,54,2
69wjSAZXZiD2EBia3b3gxL,Piano Man (Legacy Edition),1973-11-07,70C4NyhjD5OZUMzvWZ3njJ,6zFYqv1mOsgBRQbae3JJ9e,71,2
6zjenDV68SpvM3oEhorTDm,Ringo,1973-01-01,1hwN2eAwsXgktvw9Qe8TrP,6DbJi8AcN5ANdtvJcwBSw8,56,3
50pzpI17hwQj7LKcOiLMFD,There Goes Rhymin' Simon,1973-05-05,3f0U5NaD1bCk8nmKpn2ZJY,2CvCyf1gEVhI0mX6aFXmVI,62,1
3BXYt786gAZkwLU6y8Blto,Crossroads,2010-09-03,6G9NH1wmTkux93eJ2Bf3Vd,22fUk65l9TfTRWwYrn5Mq9,0,5
3yanQUlMV1ZGKNk6a7e8ms,Radio,2007-09-25,0aAcuVJCmIkgVKzKHGfp1K,1XTGADISSMRf8B4TcVGYUC,50,5
2fGzC6ZvAqmpBr8dprAQTT,Wa-Do-Dem,1981-01-01,5iynCtpEY7mx4ou54tHBPH,6xqlgBccdlxUh5DeJSx2ho,58,2
4Y0PrDckfFKxKaVXsscDLB,Welcome to Jamrock,2005-01-01,6Ja1mjO9WcJFX3LsH22gRk,3QJzdZJYIAcoET1GcfpNGi,68,11
07AQybXuRFflDzipExouL4,The Journey - The Very Best Of Sizzla Kalonji,2010-04-15,2y7cWYengL8yDJQhAkMpgU,72T7x96EAqN2UWvAgobYfv,47,7
5QkOpsZupEPLq186YOrBNe,Night Moves,1976-10-22,6UBjSnyP1O5W5ndJoO9vUk,485uL27bPomh29R4JmQehQ,69,2
5V6FVW8sc8yyhmDZwaNm5T,Port Saint Joe,2018-04-20,6xrREPyyC5KESDhWfwqHiN,39NR3AUhpbbqKM33vWn2fp,59,3
1QIZsTZrZdQwQ9QJnFoFao,Mr. Misunderstood,2015-11-11,52ioLaTnO2J7BWY8UN2n9D,2IvkS5MXK0vPGnwyJsrEyV,68,6
2Go2GZ8qMznHdAoLO1cG4W,Against The Wind,1980-02-25,1SWmFiFSIBoDbQJjNKC7SR,485uL27bPomh29R4JmQehQ,65,6
2ddZd59LSTHIyH8QGSisjY,Picture This (20th Anniversary Edition),1995-04-10,0PCGfA36HrVPmsBZJ57zOU,1Tie3AZgLQZqYEp8Fv4zOZ,65,12
1w7JOjdpfTBz4rvhWQDWJz,The Marshall Tucker Band,1973-01-01,22uJJ5jk87Ts6R79Ly9uji,59QxeZBL6k9L4oJBGSyukd,64,2
0HQhToIjonHnJRRPN4jeJU,Out of Exile,2005-01-01,1XgEg8OYPbVOi7js2LfH7S,2ziB7fzrXBoh1HUPS6sVFn,68,4
1Bwo9JkbVwxGyvtQNMRK21,No Need To Argue,1994-10-03,5kcsc92tGAjS0uvhDY3Mok,7t0rwkOPGlDPEhaOcVtOt9,1,1
5cF97e8p6e3hyt57dOXA4D,Love Among The Ruins,1997-01-01,5v6b9RUk83Z33shcsqt1m3,0MBIKH9DjtBkv8O3nS6szj,43,7
38alWeQVP9UUAGJvLptys9,Left Of The Middle,1997-11-10,1Jaah2tmN9Hv81A87KZ1MU,0dlOr0VIysztGWvU1dpjmP,72,1
0PrcwzkQVEy4y6JPvT5bix,Sixpence None the Richer,1997-11-22,754kgU5rWscRTfvlsuEwFp,0lJlKQvuM2Sd9DPPyUXcHg,77,4
0BH4VSBRbBzTqeaRGwQQ5f,pride & glory,2018-12-21,0weWGmHGxmr79MI8ln41CP,60S1OdBXBk4cCMbOxL2TqX,36,10
16lsqxMjRUFOBo2jocsy1C,Summer Breeze,1972-01-01,3B0ms7Xlxl16tRztKHpcu9,6jdObwsrIjSRnBbMw6lPBj,65,4
6P5QHz4XtxOmS5EuiGIPut,Led Zeppelin III (Remaster),1970-01-01,4ywWJqYKOwaVVh9xXARWUS,36QJpDe2go2KgaRleHCDTp,76,7
5ZfLIL2IFjtgKAAxvW7WiJ,All My Shades Of Blue,2018-06-01,72qVH7eOSmIT2NpNo9F3e2,0CBu2ZuF5503TaauGVk1Go,38,3
2GXqcjyaSAMRnmFuvHM2Bd,Feels Like Rain,1993-03-01,5MTsZG10E0hTvAkdioyPnw,2gCsNOpiBaMNh20jQ5prf0,52,3
6vW9ZDllNv87WHXS3XTjlM,Permission to Land,2003-07-07,0FXIFD0DV5RBb3EytmjUBS,5r1bdqzhgRoHC3YcCV6N5a,67,8
6wDCNTOXnKI8E4WrsdeJH9,John Barleycorn Must Die Deluxe Edition,1970-07-01,4fEwa94nof9y7CByy7Da0X,1CD77o9fbdyQFrHnUPUEsF,44,5
2QhmOz7BxPLvigHAnTI7tu,Release The Stars,2007-01-01,4jgIzymHtlUCk3DkjWkvFL,2PfBzriIMRsCXPDtSy9vg8,45,2
0VP1PbDrwit3AoEf9ubbwR,Noches de Bohemia,2007-05-25,1JpZMDDAkfhnrO6nXIQZ2g,14QPRrwRDAiUhdGC6D3VpE,45,1
7oT1CbeyKlCJOsxmELnMMW,El patio 40 Aniversario,2015-04-28,2wMFmpW94vIeMx5ULVcip2,6SKEuFZYhaTytrhtJjgnO2,31,6
4aDmHcFNChCXPle7tMeoWS,Gipsy Kings,1987-02-23,5m9nzgMw7mNS5Ry3DhVPIB,3jc496ljiyrS3ECrD7QiqL,0,6
7LM15kMdKV1ZD0tg6HUOU4,Leccion De Vuelo,2007-01-01,0Qzkm9CSXwK2Fk3Gm0ioDA,0r8toju2ecKaVtItkzAnNi,60,2
1gDqOyL8NmU2LQPtFutRng,MultiViral,2014-02-28,7AIVTgrRcdUW8QBsqNQ33z,0yNSzH5nZmHzeE2xn6Xshb,67,4
1VNM2gtd2MHgzO8ED22lhT,Los De Atrás Vienen Conmigo,2009-07-23,4P6KRRYfVErY3Z5JJyLrMY,0yNSzH5nZmHzeE2xn6Xshb,62,5
5LepQubkRXKCki1YoEhCxH,Hollywood Town Hall,1992-09-15,4NSswHrRWNM1AEBG0150nR,2UDplVRprMbazU74Hq8OLl,36,5
1Mhn9VosyjtWn4dMPFlna6,The Stranger (Legacy Edition),1977-01-01,5RgFlk1fcClZd0Y4SGYhqH,6zFYqv1mOsgBRQbae3JJ9e,80,7
0Co0NZP0lt2Qi7rHZDngxh,Five-A-Side,1974-01-01,6Wgst4P9SOnc6WGLtfTb1z,7hj7ffJe6UkF1gsMpuweSI,34,3
0F77QekrNe8vVAjU2sepja,One of These Nights (2013 Remaster),1975-06-10,608xszaAxVh4m7NcKJiAbF,0ECwFtbIWEVNwjlrfc6xoL,72,1
1vRrm26j03FnJriFQUh4gY,Denizen Tenant,2021-02-26,3BHWUtCLvTDc7vGK6DY8dS,5xk0kRuXn1zToTHpHAqpui,0,12
3Xgt0D7DlSQ5HluyECu33i,Backless,1978-11-01,1oar8gdDX5yHWzVstAHDav,6PAt558ZEZl0DmdXlnjMgD,55,8
4AsXQ17Arq1cUVoa9dKJ3F,Tango In the Night (Deluxe Edition),1987-04-13,0hOA8SoraNo2ZP1amtVYnY,08GQAI4eElDnROBrJRGE0X,80,1
7vV3q5jE7DSuKsnHr7OmmN,Atlantic Crossing,1975-01-01,2JWKzkQbYsNzx019WyGzaH,2y8Jo9CKhJvtfeKOsYzRdT,66,6
4BGd9BmpePqeSfHLeYiCDr,Eye In The Sky (Expanded Edition),1982-01-01,39qYD4J4BKvZMQgxfXl5bv,2m62cc253Xvd9qYQ8d2X3d,72,2
38mhQ9p2BiHpz60gthzEVy,Guitar Man,1972-01-01,0gZXockVcE7rEhSf4mcGLO,70ZTdbPEcEugBNay4MvxfL,64,2
72aOEeOspyHKLsWZsaDVr5,Build Me Up Buttercup (The Complete Pye Collection),1968-01-01,1tfZtA15BfJHQTUy3dqTKC,4GITZM5LCR2KcdlgEOrNLD,0,16
5ieP11rJQvuYz0Ov3k03cy,Sea Change,2002-01-01,29i8axWOLDmgbiutJb9prB,4obzFoKoKRHIphyHzJ35G3,55,5
3hQQHMrHUbkCokIf8PmcEU,Time Without Consequence,2006-06-06,3RPerpXuNznZbCuWYEBz5i,25mrbNwFzoqPWyYXLhiDRw,52,1
5L0e8X6Mf9lfjs2miK2WUB,From A Room: Volume 1,2017-05-05,06gD2ZtK3Dzc1BYqWExQJJ,4YLtscXsxbVgi031ovDDdh,76,1
4i4apRNcRz0LhEQy4lbA3U,Pollinator,2017-05-05,1ssGNcB3gVAXxFOaTcj0nE,4tpUmLEVLCGFr93o8hFFIB,18,3
13xlpKbai3GGoMSr75lOeX,Into The Wild (Music For The Motion Picture),2007-09-18,1bhpBRCLsVg3p7BWARbaDS,0mXTJETA4XUa12MmmXxZJh,72,4
3OrucS4sHv6Bl9GS4rafEk,Me Against The World,1995-03-14,6tDxrq4FxEL2q15y37tXT9,1ZwdS5xdxEREPySFridCfh,72,9
0sOeI7pbAmIc8aDFyvkBUW,Starting Over,2020-11-13,2UikqkwBv7aIvlixeVXHWt,4YLtscXsxbVgi031ovDDdh,82,13
0sOeI7pbAmIc8aDFyvkBUW,Starting Over,2020-11-13,3K07bGe8iljQ3mOKArHLDo,4YLtscXsxbVgi031ovDDdh,82,1
141Mp3P2VKHQMhtkW1DyQg,Corinne Bailey Rae,2006-01-01,2nGFzvICaeEWjIrBrL2RAx,29WzbAQtDnBJF09es0uddn,75,3
1r6NoADkFvVSpyFnJjcuLe,Brand New Day,1999-01-01,4zYdvcaguqCfG5IcRLpfd4,0Ty63ceoRnnJKVEYP0VQpk,60,1
17mrdCgqrWfqpJlaCNGCdF,The Dream Of The Blue Turtles,1985-01-01,3KF1EXX2zGfVtGeZKiClB0,0Ty63ceoRnnJKVEYP0VQpk,59,9
6js6AsbjWMdMXapWYkbVSm,Wildflower (Deluxe Edition),2005-09-27,7FqDLD2f3VFdCYPCFpNvYq,4TKTii6gnOnUXQHyuo9JaD,42,12
2sS9l8uc3d3UsK9unJyrD8,...But Seriously (Deluxe Edition),1989-11-20,4F2t297QK40XFcIHqkmLHs,4lxfqrEsLX6N1N4OCSkILp,74,6
59RsiGLQVyFHiFn2K5VNvX,Chinese Wall,1985-03-20,5LYJ631w9ps5h9tdvac7yP,6ZNeppgfBLPUyugks9Yn1u,63,6
2JxEUrs4GzHQdkV6qQayz5,Year of the Cat,1976-01-01,7MTX3vevnm41xuEoPxWT3j,0znpFLuaey34oJTE1jHSnT,52,9
1C9kaOfbTQ9dxYM4E2Yju2,Break Every Rule,1986-09-05,2fjJt3OQ8MPaZ3LMzAWiTA,1zuJe6b1roixEKMOtyrEak,56,1
3t1MvGhT6LU3fOIp3KMrta,Dancing in My Room,2020-10-26,6Pgmqg15yVexuOgtzuxwoX,0bBz5bRBkExaej2HxtVfCw,64,1
5bTixyz2GHx1YUqNUdzfut,Gigaton,2020-03-27,2D68wN3hwEZFdeui0c5Ar6,1w5Kfo2jwwIPruYS2UWh56,50,11
7AOWw68DEPnDmTpquZw8bG,Riot Act,2002-11-08,79pY2Z5eFvXMt9bSdHLrnA,1w5Kfo2jwwIPruYS2UWh56,58,6
7B3s01FXwxQR7vUqajnLpg,Superblood Wolfmoon,2020-02-18,7gQm8pZsxA5eXCZMBGV7CA,1w5Kfo2jwwIPruYS2UWh56,32,1
6nNlTIiFd3J06W0rJiiwlz,90125 (Deluxe Version),1983-06-01,0GTK6TesV108Jj5D3MHsYb,7AC976RDJzL2asmZuz7qil,67,1
3wWjXsqngYcPmd4hQzjNAD,The Golden Hits of The Everly Brothers,1962-06-01,0FCLfIht3t2vmX1IgpRi8M,4ACplpEqD6JIVgKrafauzs,50,3
21lOBQT94kjWSiYQbpm3RG,Blackbird,2007-01-01,7kxfWvj6u9oWQ5C36kMtGb,4DWX7u8BV0vZIQSpJQQDWU,56,10
2C5nK3wCqucTJ6QLdb1OVh,Stones,1971-11-05,4wOKTOwGVrie2GIbCMEe7U,7mEIug7XUlQHikrFxjTWes,57,1
3kPaVfOEEHBDOoAbOMWvRS,Danzig II: Lucifuge,1990-01-01,1Gt07aYIpl5yJcTbH95s7v,34c4iQ5tkaZKu6Sv28BTde,55,9
3hhRkf54AIQsdKLMWTxVLg,On An Island,2006-03-06,4G1rzFZNDcReeg9BOpNimT,2FcC4sDMXme2ziI7tGKMK8,48,8
55jET4vDioHHd7ztX7OX3h,Blind Melon,1992-01-01,6txWz9UapYHVxEd7dDIHXT,5sD1ZLf2dGQ9gQ3YJl1eAd,71,7
55oNSkAEaPPS1PnSZimhts,American Fall,2017-11-03,7p2xDNGlBBTQu2YEb6qLqG,30sqtiTKIb1oDve0SdYayT,0,1
6vU4QjvfTO53WTZLaVMLbQ,Best Of,2008-01-25,0Ui05Ov0s4PnRc4JI3Pilg,1tqZaCwM57UFKjWoYwMLrw,0,10
2vv6A1vmzEcnzaIkrKveJy,Light Me Up,2010-01-01,5ZduoKCxXZQT5wmeLxaBRf,2R57sY41L9XvGPiIgHOaYq,61,7
68OLERPJ6p7x4uIOzaM94E,Hit Me Like A Man EP,2012-01-01,3sT5s9NdC6WHXZznl9GoW7,2R57sY41L9XvGPiIgHOaYq,48,5
6q2xelSrpNPLJ4KkKgDkRA,Who You Selling For,2016-10-21,3DIJUTOnsXxq1fxQzFI5xL,2R57sY41L9XvGPiIgHOaYq,0,10
68OLERPJ6p7x4uIOzaM94E,Hit Me Like A Man EP,2012-01-01,2PvKtrV7zmxpcvGuqU8LSR,2R57sY41L9XvGPiIgHOaYq,48,2
2PYeB2ZxvfvPsEpd951xP4,Going To Hell,2014-03-17,1Lg55kAU7qG9y9IZ3jTaIG,2R57sY41L9XvGPiIgHOaYq,0,2
2vv6A1vmzEcnzaIkrKveJy,Light Me Up,2010-01-01,0XaPN9mU1BgLJZhuCxzc6T,2R57sY41L9XvGPiIgHOaYq,61,10
3kmNYIfWTasgAPLrAY3YBM,Kill Me,2012-01-01,3tPo4KskHgUvu4OKCXAkhC,2R57sY41L9XvGPiIgHOaYq,0,1
6q2xelSrpNPLJ4KkKgDkRA,Who You Selling For,2016-10-21,24W4uqcDvJCer0Eodsu12Z,2R57sY41L9XvGPiIgHOaYq,0,4
7FsGGAksuLOCvI2ivXh4Jd,Coal Chamber,1997-01-01,2UeTAblz0s0olFO9K3rV9M,69k6uTSZMPLpSnhmLCiKxQ,0,3
4K8bxkPDa5HENw0TK7WxJh,Superunknown (20th Anniversary),1994-03-09,1wlKw9NAWVWpx7OIAyg9EA,5xUf6j4upBrXZPg6AI4MRK,0,3
13xlpKbai3GGoMSr75lOeX,Into The Wild (Music For The Motion Picture),2007-09-18,4lxGVzcUaSF5HW5jtWnShV,0mXTJETA4XUa12MmmXxZJh,0,5
78guAsers0klWl6RwzgDLd,Audioslave,2002-11-17,3YuaBvuZqcwN3CEAyyoaei,2ziB7fzrXBoh1HUPS6sVFn,77,5
0ETFjACtuP2ADo6LFhL6HN,Abbey Road (Remastered),1969-09-26,2EqlS6tkEnglzr7tkKAAYD,3WrFJ7ztbogyGnTHbHJFl2,0,1
0kSTuMp9GpX9pJR45Bksgi,Skid Row,1989-01-24,0qgrrDnUUhyxpxbBznUnzg,4opTS86dN9uO313J9CE8xg,71,5
7nGYAsi4khO1u5mtHM1UN8,Book Of Shadows II,2016-04-08,1hicHXy0em2QTARfq61GE0,1AeC9AuzqGc3IXMC2T5xny,0,4
6P7o7ypan5QjqhAC9IbM2W,It's Five O'Clock Somewhere,1995-01-01,4JiDg5mpadcwg8zWx0bqQz,4Ros83hWMCi68biw25Xyxg,0,1
3KzAvEXcqJKBF97HrXwlgf,Please Please Me (Remastered),1963-03-22,5ZBeML7Lf3FMEVviTyvi8l,3WrFJ7ztbogyGnTHbHJFl2,0,14
5LbHbwejgZXRZAgzVAjkhj,Facelift,1990-08-01,6gZVQvQZOFpzIy3HblJ20F,64tNsm6TnZe2zpcMVMOoHL,73,2
6deiaArbeoqp1xPEGdEKp1,By the Way (Deluxe Edition),2002-07-09,0S2nAPnDXy9OGPxI56BFW6,0L8ExT028jH3ddEcZwqJJ5,83,7
0dZB8UHYsM7jKmm7ByzAVq,Come What(ever) May [10th Anniversary Edition],2006-01-01,5NeIONQWJ25uPylJBJiO4c,49qiE8dj4JuNdpYGRPdKbF,69,8
2RNTBrSO8U8XjjEj9RVvZ5,Americana,1998-11-16,3SFXsFpeGmBTtQvKiwYMDA,5LfGQac0EIXyAN8aUwmNAQ,0,4
78guAsers0klWl6RwzgDLd,Audioslave,2002-11-17,1Qdnvn4XlmZANCVy3XjrQo,2ziB7fzrXBoh1HUPS6sVFn,77,2
3lvjuf923xbvalJuDje4r4,Peacemaker,2012-10-16,0W5tQg5HFfbhUGiGBYmGJX,6LG6fIvh2XpjqHUuR7NRtt,38,1
4K8bxkPDa5HENw0TK7WxJh,Superunknown (20th Anniversary),1994-03-09,2EoOZnxNgtmZaD8uUmz2nD,5xUf6j4upBrXZPg6AI4MRK,0,7
7nGYAsi4khO1u5mtHM1UN8,Book Of Shadows II,2016-04-08,4TgZB5sw2hqVhWYY4hLA9k,1AeC9AuzqGc3IXMC2T5xny,0,13
58NXIEYqmq5dQHg9nV9duM,Dirt (2022 Remaster),1992-09-29,0wvIGFIgbyz4JNwQhZgTv2,64tNsm6TnZe2zpcMVMOoHL,77,6
30Perjew8HyGkdSmqguYyg,Blood Sugar Sex Magik (Deluxe Edition),1991-09-24,3d9DChrdc6BOeFsbrZ3Is0,0L8ExT028jH3ddEcZwqJJ5,82,11
13xlpKbai3GGoMSr75lOeX,Into The Wild (Music For The Motion Picture),2007-09-18,0fzCtVM9D5UEwiLqcY8Ouq,0mXTJETA4XUa12MmmXxZJh,0,7
6idenDZFGxyQLsVM7z9zuD,Change Is A Sound,2001-08-14,16b6oJWgMFIhMII0zSXgTE,5rWh48V4824rLBdMja6sO8,35,5
2eprpJCYbCbPZRKVGIEJxZ,In Your Honor,2005-06-14,5FZxsHWIvUsmSK1IAvm2pp,7jy3rLJdDQY21OgRLCZ9sD,73,3
5szY4sBOSD6IFjFN1RtWTe,Cowboys from Hell,1990-07-20,4vJr55lngvhSM8WIh9CjQc,14pVkFUHDL207LzLHtSA18,73,5
4PERSgw7TXqpEZlIVN6zHr,Hydrograd,2017-06-30,5jsDxDkJ1PqyYUWhDMr86B,49qiE8dj4JuNdpYGRPdKbF,58,5
0jTGHV5xqHPvEcwL8f6YU5,Let It Be (Remastered),1970-05-08,7iN1s7xHE4ifF5povM6A48,3WrFJ7ztbogyGnTHbHJFl2,0,6
5szY4sBOSD6IFjFN1RtWTe,Cowboys from Hell,1990-07-20,2SgbR6ttzoNlCRGQOKjrop,14pVkFUHDL207LzLHtSA18,73,1
64GnrmrpL1fvfF0r1AoZLB,Contraband,2004-01-01,7kF1iPJTj3VFJX9XokQ80F,7CHilrn81OdYjkh4uSVnYM,62,11
6idenDZFGxyQLsVM7z9zuD,Change Is A Sound,2001-08-14,1nDAlB9sVAeJfMt2rGM0Hi,5rWh48V4824rLBdMja6sO8,35,3
7nGYAsi4khO1u5mtHM1UN8,Book Of Shadows II,2016-04-08,7rbUOih45k8bk6ahUb7VG3,1AeC9AuzqGc3IXMC2T5xny,0,2
4ebodSLpRqbuQjpGlDZglH,Appeal To Reason,2008-01-01,00hVU6kDP67JHurfwG2dtq,6Wr3hh341P84m3EI8qdn9O,75,10
0yFCaaNOKgZVhDxZ0mNFeg,Mafia,2005-03-08,7jFocb8Sn3y4uF07FsmYAJ,0zfT626RwO6zN3RDYeRit5,0,5
5B4PYA7wNN4WdEXdIJu58a,Ten,1991-08-27,5Xak5fmy089t0FYmh3VJiY,1w5Kfo2jwwIPruYS2UWh56,80,5
31ezVryoSZdsdCg6rTEFc2,Book Of Shadows,1999-01-01,5wUtgDjOpjzZ7oBOQvtNDt,1AeC9AuzqGc3IXMC2T5xny,0,2
1BuSpq4sdqKEm7Xz9FOJ9c,Shot To Hell,2006-09-04,4APKRaVYRwTvL5AevC1R1C,0zfT626RwO6zN3RDYeRit5,0,1
3ZyFMWdKyIYxCLbK40OvcV,World on Fire,2014-09-08,0GnU2sNVI6uP1tlmkVfiEt,4Cqia9vrAbm7ANXbJGXsTE,54,1
58NXIEYqmq5dQHg9nV9duM,Dirt (2022 Remaster),1992-09-29,5sFDReWLrZHLFZFjHsjUTS,64tNsm6TnZe2zpcMVMOoHL,77,13
4K8bxkPDa5HENw0TK7WxJh,Superunknown (20th Anniversary),1994-03-09,1jMaB19DiVR8OihLSuYFOt,5xUf6j4upBrXZPg6AI4MRK,0,8
2RNTBrSO8U8XjjEj9RVvZ5,Americana,1998-11-16,4EchqUKQ3qAQuRNKmeIpnf,5LfGQac0EIXyAN8aUwmNAQ,0,5
57lcTrUlYgfMIPvBUsVU6h,Purple,1994-06-07,6qLEOZvf5gI7kWE63JE7p3,2UazAtjfzqBF0Nho2awK4z,0,4
2mFnAf5xnMOs1LBS4qRy5R,Libertad,2007-07-03,6DEQ7nhcQXs1rQuWi2DoLJ,7CHilrn81OdYjkh4uSVnYM,49,5
13xlpKbai3GGoMSr75lOeX,Into The Wild (Music For The Motion Picture),2007-09-18,3bHhUEOTIbezeZ856R0BX5,0mXTJETA4XUa12MmmXxZJh,0,8
6P7o7ypan5QjqhAC9IbM2W,It's Five O'Clock Somewhere,1995-01-01,6yv0PzPhCGOBA9QioNAgFv,4Ros83hWMCi68biw25Xyxg,0,14
2nCHgPLLyIgxFKUBYuMKPn,"House of Gold & Bones, Part 1",2012-10-17,14EORgkbXqIx5K4Haucmnb,49qiE8dj4JuNdpYGRPdKbF,65,2
0kSTuMp9GpX9pJR45Bksgi,Skid Row,1989-01-24,4ZpXHlV2vQVfPXUvbDSZ92,4opTS86dN9uO313J9CE8xg,71,10
